Date,Code,CompanyName,SplitRatio,CumulativeRatio,OriginalBPS,AdjustedBPS,OriginalShOutFY,AdjustedShOutFY
2017-02-28,24840,出前館,4,4,211.03662053056516,52.75915513264129,11097600.0,44390400.0
2017-02-28,31330,海帆,2,2,480.0358905338717,240.01794526693584,1783200.0,3566400.0
2017-02-28,35560,リネットジャパングループ,5,5,391.95342671047325,78.39068534209464,1734900.0,8674500.0
2017-02-28,37620,テクマトリックス,2,2,360.18934375908754,180.09467187954377,12379600.0,24759200.0
2017-02-28,43450,シーティーエス,2,2,305.89285714285717,152.94642857142858,11200000.0,22400000.0
2017-02-28,61990,セラク,4,4,529.9013654808803,132.47534137022006,3376100.0,13504400.0
2017-02-28,62380,フリュー,3,3,1670.6955046649703,556.89850155499,9432000.0,28296000.0
2017-02-28,62640,マルマエ,2,2,180.8369965333619,90.41849826668096,5596200.0,11192400.0
2017-02-28,78180,トランザクション,2,2,394.31330472103,197.156652360515,14166400.0,28332800.0
2017-03-31,14010,エムビーエス,10,10,1993.127147766323,199.3127147766323,727500.0,7275000.0
2017-03-31,18280,田辺工業,2,2,2287.2856077554065,1143.6428038777033,5364000.0,10728000.0
2017-03-31,24690,ヒビノ,2,2,1643.1769386331666,821.5884693165833,5132740.0,10265480.0
2017-03-31,27820,セリア,2,2,1236.629746835443,618.3148734177215,37920000.0,75840000.0
2017-03-31,29300,北の達人コーポレーション,2,2,127.30061349693251,63.65030674846626,11084000.0,22168000.0
2017-03-31,30400,ソリトンシステムズ,2,2,565.9893303006735,282.99466515033674,9869444.0,19738888.0
2017-03-31,31860,ネクステージ,2,2,529.6603993586941,264.83019967934706,10291500.0,20583000.0
2017-03-31,35380,ウイルプラスホールディングス,2,2,1598.1735159817351,799.0867579908676,2382720.0,4765440.0
2017-03-31,35420,ベガコーポレーション,2,2,617.6140106164517,308.8070053082258,5161800.0,10323600.0
2017-03-31,36410,パピレス,2,2,857.5678230017198,428.7839115008599,5163440.0,10326880.0
2017-03-31,36940,オプティム,2,2,338.41074510392434,169.20537255196217,6663500.0,13327000.0
2017-03-31,37930,ドリコム,2,2,141.2847996547011,70.64239982735054,13901000.0,27802000.0
2017-03-31,39370,Ｕｂｉｃｏｍホールディングス,2,2,406.7252989666783,203.36264948333914,2756160.0,5512320.0
2017-03-31,39630,シンクロ・フード,3,3,587.9518072289156,195.98393574297188,2905000.0,8715000.0
2017-03-31,39650,キャピタル・アセット・プランニング,2,2,958.3118530208963,479.1559265104481,1264724.0,2529448.0
2017-03-31,39680,セグエグループ,2,2,1121.3461956915935,560.6730978457967,1378700.0,2757400.0
2017-03-31,46590,エイジス,2,2,1954.2855020796196,977.1427510398098,5385600.0,10771200.0
2017-03-31,47620,エックスネット,2,2,1408.9280526774476,704.4640263387238,4130800.0,8261600.0
2017-03-31,49180,アイビー化粧品,2,2,1083.0721003134797,541.5360501567399,2552000.0,5104000.0
2017-03-31,49270,ポーラ・オルビスホールディングス,4,4,3244.603614629897,811.1509036574743,57284039.0,229136156.0
2017-03-31,49750,ＪＣＵ,2,2,2307.081703237512,1153.540851618756,7054800.0,14109600.0
2017-03-31,59880,パイオラックス,3,3,5673.8786521662705,1891.2928840554234,13084700.0,39254100.0
2017-03-31,60740,ジェイエスエス,2,2,1083.3886369868185,541.6943184934092,2013128.0,4026256.0
2017-03-31,61940,アトラエ,3,3,967.5179384306766,322.5059794768922,1296100.0,3888300.0
2017-03-31,61980,キャリア,2,2,512.0930232558139,256.04651162790697,2150000.0,4300000.0
2017-03-31,65370,ＷＡＳＨハウス,2,2,634.232121922626,317.116060961313,3412000.0,6824000.0
2017-03-31,65860,マキタ,2,2,3555.284683615511,1777.6423418077554,140008760.0,280017520.0
2017-03-31,69200,レーザーテック,2,2,968.5384106297408,484.2692053148704,23571600.0,47143200.0
2017-03-31,77820,シンシア,3,3,929.9123330426401,309.97077768088,2178700.0,6536100.0
2017-03-31,78740,レック,2,2,2530.253890047881,1265.1269450239406,9541335.0,19082670.0
2017-03-31,79060,ヨネックス,4,4,1406.012339138311,351.50308478457777,23405200.0,93620800.0
2017-03-31,87690,アドバンテッジリスクマネジメント,2,2,229.50282194796375,114.75141097398188,8540200.0,17080400.0
2017-03-31,88760,リログループ,10,10,2494.194226655299,249.4194226655299,15295120.0,152951200.0
2017-03-31,95170,イーレックス,3,3,961.5751221255808,320.52504070852694,16786000.0,50358000.0
2017-03-31,96160,共立メンテナンス,2,2,3230.3972965007615,1615.1986482503808,19472837.0,38945674.0
2017-03-31,99890,サンドラッグ,2,2,1945.6241820960947,972.8120910480474,67165592.0,134331184.0
2017-04-28,32670,フィル・カンパニー,2,2,293.6241610738255,146.81208053691276,2384000.0,4768000.0
2017-04-28,34750,グッドコムアセット,2,2,1792.0148560817086,896.0074280408543,1507800.0,3015600.0
2017-04-28,39020,メディカル・データ・ビジョン,2,2,280.79891239153903,140.39945619576952,10003600.0,20007200.0
2017-04-28,39170,アイリッジ,2,2,342.8986560116237,171.44932800581185,2753000.0,5506000.0
2017-04-28,40820,第一稀元素化学工業,5,5,4300.4098360655735,860.0819672131148,4880000.0,24400000.0
2017-05-31,21800,サニーサイドアップグループ,2,2,426.3021396153015,213.15106980765074,3701600.0,7403200.0
2017-05-31,30300,ハブ,3,3,923.277675694389,307.759225231463,3755100.0,11265300.0
2017-05-31,31400,ＢＲＵＮＯ,2,2,109.95858226734596,54.97929113367298,6138675.0,12277350.0
2017-05-31,32970,東武住販,2,2,1588.261318389618,794.130659194809,1356200.0,2712400.0
2017-05-31,35470,串カツ田中ホールディングス,2,2,1204.5469653659509,602.2734826829754,1504300.0,3008600.0
2017-05-31,39670,エルテス,2,2,618.7106918238994,309.3553459119497,2544000.0,5088000.0
2017-05-31,60620,チャーム・ケア・コーポレーション,2,2,600.7965686274509,300.39828431372547,3264000.0,6528000.0
2017-05-31,66150,ユー・エム・シー・エレクトロニクス,2,2,1990.8713831984624,995.4356915992312,8356140.0,16712280.0
2017-05-31,89080,毎日コムネット,2,2,717.1111111111111,358.55555555555554,9000000.0,18000000.0
2017-06-30,27520,フジオフードグループ本社,2,2,713.460043910148,356.730021955074,10956465.0,21912930.0
2017-06-30,31600,大光,2,2,473.130065098977,236.5650325494885,6021600.0,12043200.0
2017-06-30,32610,グランディーズ,3,3,1000.5471742359102,333.51572474530343,1279300.0,3837900.0
2017-06-30,34450,ＲＳ　Ｔｅｃｈｎｏｌｏｇｉｅｓ,2,2,745.6092703240993,372.80463516204964,5523000.0,11046000.0
2017-06-30,37580,アエリア,2,2,682.2448382009545,341.12241910047726,8073348.0,16146696.0
2017-06-30,39010,マークラインズ,4,4,435.88723254461416,108.97180813615354,3266900.0,13067600.0
2017-06-30,39120,モバイルファクトリー,2,2,385.5217463204895,192.76087316024476,4837600.0,9675200.0
2017-06-30,39210,ネオジャパン,2,2,793.1579234079643,396.57896170398215,3671400.0,7342800.0
2017-06-30,39340,ベネフィットジャパン,3,3,1257.848740357262,419.28291345242064,1950950.0,5852850.0
2017-06-30,39400,ノムラシステムコーポレーション,3,3,978.8588070326825,326.28626901089416,1854200.0,5562600.0
2017-06-30,39700,イノベーション,2,2,860.4385326821158,430.2192663410579,962300.0,1924600.0
2017-06-30,42450,ダイキアクシス,2,2,1041.35774611566,520.67887305783,6204400.0,12408800.0
2017-06-30,45870,ペプチドリーム,2,2,182.41399286676486,91.20699643338243,57309200.0,114618400.0
2017-06-30,45950,ミズホメディー,2,2,833.5432938607541,416.7716469303771,2381400.0,4762800.0
2017-06-30,60360,ＫｅｅＰｅｒ技研,2,2,533.3950774239646,266.6975387119823,7039810.0,14079620.0
2017-06-30,60810,アライドアーキテクツ,3,3,306.4035657490985,102.13452191636617,4464700.0,13394100.0
2017-06-30,60980,リクルートホールディングス,3,3,1377.166889953179,459.05562998439297,565320010.0,1695960030.0
2017-06-30,71870,ジェイリース,2,2,497.9389169945662,248.9694584972831,2134800.0,4269600.0
2017-06-30,79760,三菱鉛筆,2,2,2545.55045731989,1272.775228659945,32143146.0,64286292.0
2017-06-30,94160,ビジョン,2,2,941.8337086394231,470.91685431971155,8126700.0,16253400.0
2017-07-31,39390,カナミックネットワーク,3,3,314.13612565445027,104.71204188481676,2674000.0,8022000.0
2017-07-31,39830,オロ,2,2,986.5,493.25,4000000.0,8000000.0
2017-07-31,43450,シーティーエス,2,2,161.60714285714286,80.80357142857143,22400000.0,44800000.0
2017-08-31,21860,ソーバル,2,2,664.2724634923655,332.1362317461828,4204600.0,8409200.0
2017-08-31,24620,ライク,2,2,790.537505614613,395.2687528073065,10018500.0,20037000.0
2017-08-31,30360,アルコニックス,2,2,2712.922514483998,1356.461257241999,12910800.0,25821600.0
2017-08-31,30530,ペッパーフードサービス,2,2,355.5612923724606,177.7806461862303,10071400.0,20142800.0
2017-08-31,31380,富士山マガジンサービス,2,2,499.06161932521076,249.53080966260538,1657110.0,3314220.0
2017-08-31,34540,ファーストブラザーズ,2,2,1471.5126341294565,735.7563170647283,7222500.0,14445000.0
2017-08-31,34790,ティーケーピー,7,7,1556.8710359408035,222.41014799154334,4730000.0,33110000.0
2017-08-31,35410,農業総合研究所,2,2,255.78620854211405,127.89310427105703,2095500.0,4191000.0
2017-08-31,35500,スタジオアタオ,3,3,566.6986564299424,188.89955214331414,2084000.0,6252000.0
2017-08-31,35650,アセンテック,2,2,637.9196840026333,318.95984200131664,1519000.0,3038000.0
2017-08-31,39350,エディア,2,2,376.9517594966208,188.4758797483104,1716400.0,3432800.0
2017-08-31,61590,ミクロン精密,3,3,3838.906840035816,1279.6356133452718,2568700.0,7706100.0
2017-08-31,69080,イリソ電子工業,2,2,3710.34496112017,1855.172480560085,12291849.0,24583698.0
2017-08-31,71720,ジャパンインベストメントアドバイザー,2,2,611.749224245772,305.874612122886,12310600.0,24621200.0
2017-09-29,24250,ケアサービス,2,2,611.9047619047619,305.95238095238096,2100000.0,4200000.0
2017-09-29,34750,グッドコムアセット,2,2,1011.002767162999,505.5013835814995,3035600.0,6071200.0
2017-09-29,35610,力の源ホールディングス,2,2,310.87167711737175,155.43583855868587,11323000.0,22646000.0
2017-09-29,38350,ｅＢＡＳＥ,2,2,488.1606621887509,244.08033109437545,5895600.0,11791200.0
2017-09-29,38440,コムチュア,3,3,736.9443044119569,245.6481014706523,5355900.0,16067700.0
2017-09-29,39290,ソーシャルワイヤー,2,2,323.82116158711904,161.91058079355952,2782400.0,5564800.0
2017-09-29,39370,Ｕｂｉｃｏｍホールディングス,2,2,203.26958223603737,101.63479111801868,5559120.0,11118240.0
2017-09-29,39680,セグエグループ,2,2,631.5150649721548,315.7575324860774,2801200.0,5602400.0
2017-09-29,43200,ＣＥホールディングス,2,2,991.980991980992,495.990495990496,3703700.0,7407400.0
2017-09-29,43260,インテージホールディングス,2,2,1158.1171090565663,579.0585545282831,20118000.0,40236000.0
2017-09-29,47920,山田コンサルティンググループ,4,4,1949.5375954965823,487.3843988741456,4974000.0,19896000.0
2017-09-29,49170,マンダム,2,2,2949.49915486501,1474.749577432505,24134606.0,48269212.0
2017-09-29,60990,エラン,2,2,424.2261103633917,212.11305518169584,7430000.0,14860000.0
2017-09-29,61710,土木管理総合試験所,2,2,391.9885104124387,195.99425520621935,6405800.0,12811600.0
2017-09-29,65380,キャリアインデックス,2,2,371.6749432190014,185.8374716095007,5195400.0,10390800.0
2017-09-29,65440,ジャパンエレベーターサービスホールディングス,2,2,214.87768347478783,107.43884173739391,10015000.0,20030000.0
2017-09-29,65450,インターネットインフィニティー,4,4,408.16326530612247,102.04081632653062,1254400.0,5017600.0
2017-09-29,65480,旅工房,2,2,438.3033419023136,219.1516709511568,2334000.0,4668000.0
2017-09-29,65490,ディーエムソリューションズ,2,2,1045.757071547421,522.8785357737105,1202000.0,2404000.0
2017-09-29,69280,エノモト,4,4,8019.728440749524,2004.932110187381,1534840.0,6139360.0
2017-09-29,89200,東祥,2,2,1257.7841576406108,628.8920788203054,19157500.0,38315000.0
2017-09-29,90900,ＡＺ−ＣＯＭ丸和ホールディングス,2,2,1148.015313519504,574.007656759752,16043340.0,32086680.0
2017-09-29,93250,ファイズホールディングス,2,2,334.19226957383546,167.09613478691773,2522500.0,5045000.0
2017-09-29,99020,日伝,2,2,4253.590917644107,2126.7954588220537,15943000.0,31886000.0
2017-10-31,29300,北の達人コーポレーション,2,2,78.49151930710934,39.24575965355467,22168000.0,44336000.0
2017-10-31,33290,東和フードサービス,2,2,1191.2440144630118,595.6220072315059,4093200.0,8186400.0
2017-10-31,35380,ウイルプラスホールディングス,2,2,869.0288361475713,434.51441807378563,4766240.0,9532480.0
2017-10-31,36480,ＡＧＳ,2,2,630.6867901115335,315.34339505576673,17767932.0,35535864.0
2017-10-31,38360,アバントグループ,2,2,412.5479335321687,206.27396676608436,9388000.0,18776000.0
2017-10-31,60860,シンメンテホールディングス,3,3,426.1983332401141,142.06611108003804,1787900.0,5363700.0
2017-10-31,66300,ヤーマン,10,10,1649.903134387498,164.9903134387498,5834888.0,58348880.0
2017-10-31,78560,萩原工業,2,2,2581.3553861024593,1290.6776930512297,7448800.0,14897600.0
2017-11-30,23740,セントケア・ホールディング,3,3,1147.3421337734924,382.44737792449746,8272162.0,24816486.0
2017-11-30,27220,ＩＫホールディングス,2,2,1022.0286885245902,511.0143442622951,1952000.0,3904000.0
2017-11-30,31860,ネクステージ,3,3,344.30040318691283,114.76680106230427,20734800.0,62204400.0
2017-11-30,35470,串カツ田中ホールディングス,3,3,662.7667353586386,220.92224511954618,3008600.0,9025800.0
2017-11-30,39210,ネオジャパン,2,2,404.75023151931146,202.37511575965573,7342800.0,14685600.0
2017-11-30,39910,ウォンテッドリー,2,2,105.8455617031513,52.92278085157565,4572700.0,9145400.0
2017-11-30,60930,エスクロー・エージェント・ジャパン,5,5,296.52694610778445,59.30538922155689,8350000.0,41750000.0
2017-11-30,62400,ヤマシンフィルタ,5,5,584.3383180575655,116.86766361151311,12438000.0,62190000.0
2017-11-30,65330,Ｏｒｃｈｅｓｔｒａ　Ｈｏｌｄｉｎｇｓ,2,2,333.85350167872514,166.92675083936257,2114700.0,4229400.0
2017-11-30,71870,ジェイリース,2,2,272.8490897329267,136.42454486646335,4328400.0,8656800.0
2017-11-30,96510,日本プロセス,2,2,1420.4941042793407,710.2470521396704,5745184.0,11490368.0
2017-12-29,14350,ｒｏｂｏｔ　ｈｏｍｅ,5,5,463.8940538079156,92.77881076158312,15811800.0,79059000.0
2017-12-29,23110,エプコ,2,2,624.5169600686991,312.25848003434953,4658000.0,9316000.0
2017-12-29,28820,イートアンドホールディングス,2,2,1075.9270344704746,537.9635172352373,4435245.0,8870490.0
2017-12-29,30880,マツキヨココカラ＆カンパニー,2,2,3539.14307986841,1769.571539934205,54636107.0,109272214.0
2017-12-29,31790,シュッピン,2,2,313.94105460135,156.970527300675,11970400.0,23940800.0
2017-12-29,34670,アグレ都市デザイン,2,2,768.581081081081,384.2905405405405,2841600.0,5683200.0
2017-12-29,34770,フォーライフ,2,2,1102.0,551.0,2000000.0,4000000.0
2017-12-29,34820,ロードスターキャピタル,2,2,803.9489429597128,401.9744714798564,5014000.0,10028000.0
2017-12-29,36230,ビリングシステム,2,2,1115.1057217719822,557.5528608859911,1641100.0,3282200.0
2017-12-29,36790,じげん,2,2,183.8838940203829,91.94194701019146,55301200.0,110602400.0
2017-12-29,39510,朝日印刷,2,2,2407.820547208397,1203.9102736041984,11274096.0,22548192.0
2017-12-29,39690,エイトレッド,3,3,610.0,203.33333333333334,2200000.0,6600000.0
2017-12-29,46410,アルプス技研,2,2,1006.8018913473622,503.4009456736811,11248489.0,22496978.0
2017-12-29,49190,ミルボン,2,2,1794.7151021126945,897.3575510563472,16558617.0,33117234.0
2017-12-29,56980,エンビプロ・ホールディングス,2,2,1410.5192207205953,705.2596103602976,6468540.0,12937080.0
2017-12-29,60370,ファーストロジック,2,2,400.28543273641645,200.14271636820823,5885800.0,11771600.0
2017-12-29,60780,バリューＨＲ,2,2,739.2753019575177,369.63765097875887,2881200.0,5762400.0
2017-12-29,61650,パンチ工業,2,2,1337.4679058330019,668.7339529165009,11061200.0,22122400.0
2017-12-29,61980,キャリア,2,2,260.63463720402507,130.31731860201253,4301040.0,8602080.0
2017-12-29,65510,ツナググループ・ホールディングス,3,3,506.7072692686993,168.9024230895664,2423490.0,7270470.0
2017-12-29,75750,日本ライフライン,2,2,508.8698541570062,254.4349270785031,45209988.0,90419976.0
2017-12-29,77470,朝日インテック,2,2,719.2335692932047,359.61678464660235,64559000.0,129118000.0
2017-12-29,77800,メニコン,2,2,2161.286816650364,1080.643408325182,18402000.0,36804000.0
2017-12-29,94170,スマートバリュー,2,2,823.1653404067197,411.58267020335984,2262000.0,4524000.0
2017-12-29,97290,トーカイ,2,2,3294.9934777685608,1647.4967388842804,18020673.0,36041346.0
2018-01-31,28840,ヨシムラ・フード・ホールディングス,5,5,937.1302192724715,187.4260438544943,4375059.0,21875295.0
2018-01-31,34520,ビーロット,2,2,754.2032026780585,377.10160133902923,4002900.0,8005800.0
2018-01-31,34840,テンポイノベーション,4,4,564.5,141.125,2000000.0,8000000.0
2018-01-31,37500,サイトリ細胞研究所,5,5,1770.7997625012267,354.15995250024537,1436639.0,7183195.0
2018-01-31,39260,オープンドア,3,3,354.3186180422265,118.1062060140755,10420000.0,31260000.0
2018-01-31,39880,ＳＹＳホールディングス,2,2,1220.0622083981336,610.0311041990668,1286000.0,2572000.0
2018-01-31,43440,ソースネクスト,2,2,183.7262069834867,91.86310349174335,31732000.0,63464000.0
2018-01-31,65520,ＧａｍｅＷｉｔｈ,2,2,257.4162679425837,128.70813397129186,8360000.0,16720000.0
2018-01-31,78100,クロスフォー,2,2,287.31813495245734,143.65906747622867,8729000.0,17458000.0
2018-02-28,21620,ｎｍｓ　ホールディングス,2,2,529.2675026606821,264.63375133034106,10805500.0,21611000.0
2018-02-28,24710,エスプール,5,5,467.1148601509482,93.42297203018964,3153400.0,15767000.0
2018-02-28,29300,北の達人コーポレーション,3,3,44.99729339588596,14.999097798628654,44336000.0,133008000.0
2018-02-28,30450,カワサキ,2,2,2651.4994829369184,1325.7497414684592,1450500.0,2901000.0
2018-02-28,31680,黒谷,2,2,1129.0907569120889,564.5453784560444,7168600.0,14337200.0
2018-02-28,34150,ＴＯＫＹＯ　ＢＡＳＥ,3,3,261.3108499701484,87.10361665671613,13734600.0,41203800.0
2018-02-28,34330,トーカロ,4,4,2204.6835443037976,551.1708860759494,15800000.0,63200000.0
2018-02-28,34690,デュアルタップ,3,3,509.48461515768355,169.8282050525612,3389700.0,10169100.0
2018-02-28,35570,ユナイテッド＆コレクティブ,2,2,760.2298206278027,380.11491031390136,1427200.0,2854400.0
2018-02-28,35580,ジェイドグループ,2,2,634.7151688099642,317.3575844049821,5438660.0,10877320.0
2018-02-28,39080,コラボス,3,3,1014.2897170075652,338.09657233585506,1427600.0,4282800.0
2018-02-28,39150,テラスカイ,2,2,550.991086498626,275.495543249313,2867560.0,5735120.0
2018-02-28,39220,ＰＲ　ＴＩＭＥＳ,2,2,453.680981595092,226.840490797546,3260000.0,6520000.0
2018-02-28,39960,サインポスト,4,4,376.8472906403941,94.21182266009852,2436000.0,9744000.0
2018-02-28,48200,イーエムシステムズ,2,2,849.6343617425181,424.81718087125904,18173700.0,36347400.0
2018-02-28,60550,ジャパンマテリアル,3,3,498.09071881640546,166.03023960546847,35049840.0,105149520.0
2018-02-28,71910,イントラスト,2,2,206.48960341594093,103.24480170797047,11046561.0,22093122.0
2018-02-28,78070,幸和製作所,3,3,1131.8465045001594,377.2821681667198,1285510.0,3856530.0
2018-02-28,78110,中本パックス,2,2,2769.2541097130666,1384.6270548565333,4086660.0,8173320.0
2018-03-30,21270,日本Ｍ＆Ａセンターホールディングス,2,2,258.3210596634694,129.1605298317347,81882600.0,163765200.0
2018-03-30,21520,幼児活動研究会,2,2,1067.5492192803802,533.7746096401901,5892000.0,11784000.0
2018-03-30,21630,アルトナー,2,2,369.4043613425769,184.70218067128846,5313960.0,10627920.0
2018-03-30,21850,シイエム・シイ,3,3,5191.311612364244,1730.4372041214147,2394000.0,7182000.0
2018-03-30,24830,翻訳センター,2,2,2223.2116355001485,1111.6058177500743,1684500.0,3369000.0
2018-03-30,27220,ＩＫホールディングス,2,2,567.6229508196722,283.8114754098361,3904000.0,7808000.0
2018-03-30,31540,メディアスホールディングス,3,3,1541.981879284054,513.9939597613513,6484512.0,19453536.0
2018-03-30,31820,オイシックス・ラ・大地,2,2,1187.812808487864,593.906404243932,8013889.0,16027778.0
2018-03-30,35930,ホギメディカル,2,2,5719.607946929088,2859.803973464544,16341155.0,32682310.0
2018-03-30,36590,ネクソン,2,2,1068.2297524392577,534.1148762196289,440184332.0,880368664.0
2018-03-30,36730,ブロードリーフ,2,2,403.220534276912,201.610267138456,48948400.0,97896800.0
2018-03-30,36820,エンカレッジ・テクノロジ,2,2,845.4406285202623,422.72031426013115,3462100.0,6924200.0
2018-03-30,36870,フィックスターズ,5,5,341.9249106078665,68.3849821215733,6712000.0,33560000.0
2018-03-30,39100,エムケイシステム,2,2,499.26308032424464,249.63154016212232,2714000.0,5428000.0
2018-03-30,39160,デジタル・インフォメーション・テクノロジー,2,2,313.51157476993023,156.75578738496512,7750910.0,15501820.0
2018-03-30,39230,ラクス,2,2,151.68638530814056,75.84319265407028,22652000.0,45304000.0
2018-03-30,39250,ダブルスタンダード,2,2,364.4776119402985,182.23880597014926,3350000.0,6700000.0
2018-03-30,39390,カナミックネットワーク,2,2,122.5380204437796,61.2690102218898,8022000.0,16044000.0
2018-03-30,39630,シンクロ・フード,3,3,236.3740676993689,78.79135589978964,8715000.0,26145000.0
2018-03-30,39850,テモナ,2,2,880.6796632026094,440.3398316013047,1318300.0,2636600.0
2018-03-30,39920,ニーズウェル,2,2,705.0976655550262,352.5488327775131,2099000.0,4198000.0
2018-03-30,39970,トレードワークス,3,3,961.4835948644793,320.4945316214931,1051500.0,3154500.0
2018-03-30,45490,栄研化学,2,2,1483.8278882750726,741.9139441375363,21770719.0,43541438.0
2018-03-30,47680,大塚商会,2,2,2258.206382118263,1129.1031910591314,95001060.0,190002120.0
2018-03-30,48160,東映アニメーション,3,3,4049.6428571428573,1349.8809523809523,14000000.0,42000000.0
2018-03-30,49750,ＪＣＵ,2,2,1537.574775783332,768.787387891666,14117037.0,28234074.0
2018-03-30,60620,チャーム・ケア・コーポレーション,2,2,364.2769607843137,182.13848039215685,6528000.0,13056000.0
2018-03-30,61850,ＳＭＮ,2,2,973.3430118439242,486.6715059219621,3156133.0,6312266.0
2018-03-30,61940,アトラエ,3,3,434.15266515848606,144.7175550528287,3934100.0,11802300.0
2018-03-30,64820,ユーシン精機,2,2,1471.0113618398934,735.5056809199467,17819033.0,35638066.0
2018-03-30,65540,エスユーエス,4,4,741.7761625198025,185.44404062995062,2146200.0,8584800.0
2018-03-30,69140,オプテックスグループ,2,2,1830.5113283978274,915.2556641989137,17484732.0,34969464.0
2018-03-30,71920,日本モーゲージサービス,3,3,1255.9899117276166,418.6633039092055,2379000.0,7137000.0
2018-03-30,76130,シークス,2,2,2286.0714285714284,1143.0357142857142,25200000.0,50400000.0
2018-03-30,76430,ダイイチ,2,2,1825.391829797948,912.695914898974,5719320.0,11438640.0
2018-03-30,77160,ナカニシ,3,3,2003.9274597546769,667.9758199182256,31419800.0,94259400.0
2018-03-30,78130,プラッツ,4,4,2384.3263553408483,596.0815888352121,931500.0,3726000.0
2018-03-30,79880,ニフコ,2,2,2661.620166074725,1330.8100830373626,53754477.0,107508954.0
2018-03-30,81110,ゴールドウイン,2,2,2858.1998906484805,1429.0999453242403,11912043.0,23824086.0
2018-03-30,82820,ケーズホールディングス,2,2,1993.200068274543,996.6000341372715,112053478.0,224106956.0
2018-03-30,87710,イー・ギャランティ,2,2,847.538148718241,423.7690743591205,10524600.0,21049200.0
2018-03-30,94210,エヌジェイホールディングス,2,2,1158.7918660287082,579.3959330143541,2675200.0,5350400.0
2018-03-30,96970,カプコン,2,2,1189.1190563759762,594.5595281879881,67723244.0,135446488.0
2018-04-27,33000,アンビション　ＤＸ　ホールディングス,2,2,363.8821938745518,181.9410969372759,3402200.0,6804400.0
2018-04-27,38040,システム　ディ,2,2,563.5580178516467,281.77900892582335,3249000.0,6498000.0
2018-04-27,39020,メディカル・データ・ビジョン,2,2,158.14306849534168,79.07153424767084,20007200.0,40014400.0
2018-04-27,62000,インソース,2,2,177.40895318983246,88.70447659491623,8218300.0,16436600.0
2018-04-27,92620,シルバーライフ,2,2,1062.262630912648,531.131315456324,2606700.0,5213400.0
2018-04-27,95190,レノバ,2,2,559.516269602828,279.758134801414,18473100.0,36946200.0
2018-05-31,21570,コシダカホールディングス,4,4,1191.397326852977,297.8493317132442,20575000.0,82300000.0
2018-05-31,23170,システナ,4,4,611.0716820440028,152.7679205110007,28180000.0,112720000.0
2018-05-31,45950,ミズホメディー,2,2,554.2957923910304,277.1478961955152,4762800.0,9525600.0
2018-05-31,61960,ストライク,2,2,405.59671802502817,202.79835901251408,9677100.0,19354200.0
2018-06-29,21750,エス・エム・エス,2,2,544.4600538909745,272.2300269454872,43421000.0,86842000.0
2018-06-29,24360,共同ピーアール,3,3,939.204379712596,313.0681265708654,1357532.0,4072596.0
2018-06-29,30540,ハイパー,2,2,608.3932297704614,304.1966148852307,4313000.0,8626000.0
2018-06-29,31910,ジョイフル本田,2,2,1973.984013292806,986.992006646403,51612880.0,103225760.0
2018-06-29,34570,Ａｎｄ　Ｄｏホールディングス,2,2,748.7649964714185,374.38249823570925,8502000.0,17004000.0
2018-06-29,34860,グローバル・リンク・マネジメント,2,2,1460.9612875163114,730.4806437581557,1839200.0,3678400.0
2018-06-29,39620,チェンジホールディングス,2,2,368.9366643837656,184.4683321918828,3358300.0,6716600.0
2018-06-29,45540,富士製薬工業,2,2,2171.1919830548604,1085.5959915274302,15626900.0,31253800.0
2018-06-29,45650,ネクセラファーマ,4,4,2565.52301487107,641.3807537177674,19054984.0,76219936.0
2018-06-29,45840,キッズウェル・バイオ,2,2,272.1593808813052,136.0796904406526,9567923.0,19135846.0
2018-06-29,60300,アドベンチャー,3,3,601.9683128116864,200.6561042705621,2265900.0,6797700.0
2018-06-29,61970,ソラスト,3,3,381.4968714749863,127.16562382499542,31116900.0,93350700.0
2018-06-29,62370,イワキ,3,3,2493.195820089066,831.0652733630219,7484370.0,22453110.0
2018-06-29,65650,ＡＢホテル,2,2,626.4108352144469,313.20541760722347,7088000.0,14176000.0
2018-06-29,66700,ＭＣＪ,2,2,698.8122805707029,349.40614028535146,50870600.0,101741200.0
2018-06-29,77430,シード,3,3,1106.4530289727832,368.8176763242611,9112000.0,27336000.0
2018-06-29,81040,クワザワホールディングス,2,2,1485.1601390062929,742.5800695031464,8347248.0,16694496.0
2018-06-29,87720,アサックス,3,3,2992.31363987811,997.43787995937,10993500.0,32980500.0
2018-06-29,94170,スマートバリュー,2,2,462.64367816091954,231.32183908045977,4524000.0,9048000.0
2018-06-29,94670,アルファポリス,2,2,913.7642711150567,456.88213555752833,4843700.0,9687400.0
2018-07-31,31500,グリムス,2,2,597.489137341783,298.7445686708915,5822700.0,11645400.0
2018-07-31,34610,パルマ,2,2,641.1935953420669,320.59679767103347,1374000.0,2748000.0
2018-07-31,38540,アイル,2,2,367.210513050109,183.6052565250545,6260714.0,12521428.0
2018-07-31,42870,ジャストプランニング,3,3,714.058014194005,238.01933806466832,4222346.0,12667038.0
2018-07-31,65380,キャリアインデックス,2,2,216.84186340398645,108.42093170199323,10445400.0,20890800.0
2018-07-31,71960,Ｃａｓａ,2,2,1156.8265682656827,578.4132841328413,5420000.0,10840000.0
2018-07-31,96920,シーイーシー,2,2,1481.7553191489362,740.8776595744681,18800000.0,37600000.0
2018-08-31,35620,Ｎｏ．１,2,2,1068.1027425296766,534.0513712648383,1563520.0,3127040.0
2018-08-31,39890,シェアリングテクノロジー,3,3,125.49609664616861,41.83203221538954,18343200.0,55029600.0
2018-08-31,60350,アイ・アールジャパンホールディングス,2,2,394.7500821947588,197.3750410973794,9291955.0,18583910.0
2018-08-31,61840,鎌倉新書,4,4,240.93789060816343,60.23447265204086,9280400.0,37121600.0
2018-08-31,61850,ＳＭＮ,2,2,564.829923434166,282.414961717083,6357666.0,12715332.0
2018-08-31,65330,Ｏｒｃｈｅｓｔｒａ　Ｈｏｌｄｉｎｇｓ,2,2,220.47021055613257,110.23510527806629,4236400.0,8472800.0
2018-08-31,65700,共和コーポレーション,2,2,1065.2065704330512,532.6032852165256,3013500.0,6027000.0
2018-08-31,65730,アジャイルメディア・ネットワーク,3,3,896.520963425513,298.84032114183765,672600.0,2017800.0
2018-08-31,87710,イー・ギャランティ,2,2,442.81090726170027,221.40545363085013,21072200.0,42144400.0
2018-08-31,94500,ファイバーゲート,2,2,289.8002898002898,144.9001449001449,4761900.0,9523800.0
2018-08-31,95190,レノバ,2,2,292.7220729139176,146.3610364569588,37134200.0,74268400.0
2018-09-28,19090,日本ドライケミカル,2,2,3204.2052896956925,1602.1026448478462,3590906.0,7181812.0
2018-09-28,23450,クシム,2,2,734.1557209209409,367.07786046047045,2002300.0,4004600.0
2018-09-28,24130,エムスリー,2,2,265.9740160307439,132.98700801537194,323915100.0,647830200.0
2018-09-28,30640,ＭｏｎｏｔａＲＯ,2,2,212.53648318101406,106.26824159050703,125263200.0,250526400.0
2018-09-28,31820,オイシックス・ラ・大地,2,2,638.2299819313502,319.1149909656751,16628802.0,33257604.0
2018-09-28,33590,ｃｏｔｔａ,3,3,665.4572224136435,221.8190741378812,3677171.0,11031513.0
2018-09-28,34230,エスイー,2,2,510.10026682364685,255.05013341182342,15628300.0,31256600.0
2018-09-28,34910,ＧＡ　ｔｅｃｈｎｏｌｏｇｉｅｓ,2,2,536.7668851055422,268.3834425527711,4251380.0,8502760.0
2018-09-28,37690,ＧＭＯペイメントゲートウェイ,2,2,676.1147225474758,338.0573612737379,37150500.0,74301000.0
2018-09-28,39850,テモナ,4,4,475.65397758643843,118.91349439660961,2680520.0,10722080.0
2018-09-28,46870,ＴＤＣソフト,2,2,809.2029816513761,404.6014908256881,12556800.0,25113600.0
2018-09-28,47690,ＩＣ,2,2,1138.3461777718574,569.1730888859287,3866135.0,7732270.0
2018-09-28,59650,フジマック,2,2,2392.9372197309417,1196.4686098654709,7136000.0,14272000.0
2018-09-28,60690,トレンダーズ,2,2,570.4229136439358,285.2114568219679,3721800.0,7443600.0
2018-09-28,65390,ＭＳ−Ｊａｐａｎ,4,4,973.2277890401261,243.30694726003154,6215400.0,24861600.0
2018-09-28,65440,ジャパンエレベーターサービスホールディングス,2,2,138.4423364952571,69.22116824762855,20030000.0,40060000.0
2018-09-28,68450,アズビル,2,2,2310.6529116688625,1155.3264558344313,74250442.0,148500884.0
2018-09-28,72200,武蔵精密工業,2,2,3194.3461313022285,1597.1730656511143,31221100.0,62442200.0
2018-09-28,78740,レック,2,2,1469.0816327065343,734.5408163532671,19082670.0,38165340.0
2018-09-28,93250,ファイズホールディングス,2,2,218.24875098606364,109.12437549303182,5324200.0,10648400.0
2018-10-31,23730,ケア２１,2,2,1544.4624090541633,772.2312045270817,2474000.0,4948000.0
2018-10-31,30380,神戸物産,2,2,1089.53216374269,544.766081871345,34200000.0,68400000.0
2018-10-31,34860,グローバル・リンク・マネジメント,2,2,793.5515441496302,396.7757720748151,3678400.0,7356800.0
2018-10-31,60330,エクストリーム,2,2,633.4450056924701,316.72250284623505,2694788.0,5389576.0
2018-10-31,60400,日本スキー場開発,2,2,678.3580410489737,339.1790205244869,8000200.0,16000400.0
2018-10-31,60460,リンクバル,6,6,445.84615384615387,74.3076923076923,3250000.0,19500000.0
2018-10-31,60490,イトクロ,2,2,610.0529100529101,305.02645502645504,11340000.0,22680000.0
2018-11-30,23490,エヌアイデイ,3,3,2709.487554435756,903.1625181452521,4369830.0,13109490.0
2018-11-30,28050,ヱスビー食品,2,2,6178.62650146185,3089.313250730925,6977117.0,13954234.0
2018-11-30,30750,銚子丸,5,5,2152.500344400055,430.50006888001104,2903600.0,14518000.0
2018-11-30,34820,ロードスターキャピタル,2,2,546.096583317427,273.0482916587135,10478000.0,20956000.0
2018-11-30,35370,昭栄薬品,3,3,6972.972293352668,2324.3240977842224,1193035.0,3579105.0
2018-11-30,38260,システムインテグレータ,2,2,332.9000577700751,166.45002888503754,5539200.0,11078400.0
2018-11-30,43440,ソースネクスト,2,2,167.8714053382369,83.93570266911846,67760200.0,135520400.0
2018-11-30,47140,リソー教育,3,3,117.80308651384543,39.26769550461514,52069943.0,156209829.0
2018-11-30,65720,ＲＰＡホールディングス,5,5,400.58027079303673,80.11605415860735,5170000.0,25850000.0
2018-11-30,92730,コーア商事ホールディングス,3,3,1295.5079735022582,431.8359911674194,9904995.0,29714985.0
2018-12-28,33550,クリヤマホールディングス,2,2,1891.28348624676,945.64174312338,11150100.0,22300200.0
2018-12-28,34610,パルマ,2,2,534.7367049009384,267.3683524504692,3068800.0,6137600.0
2018-12-28,35660,ユニフォームネクスト,2,2,1391.0783987720135,695.5391993860068,1229981.0,2459962.0
2018-12-28,36570,ポールトゥウィンホールディングス,2,2,651.0493179433369,325.52465897166843,19060000.0,38120000.0
2018-12-28,39620,チェンジホールディングス,2,2,246.3164161333532,123.1582080666766,6719000.0,13438000.0
2018-12-28,39920,ニーズウェル,2,2,409.9334600760456,204.9667300380228,4208000.0,8416000.0
2018-12-28,40250,多木化学,2,2,5464.347999654923,2732.1739998274616,4729384.0,9458768.0
2018-12-28,42480,竹本容器,2,2,1337.6009705948086,668.8004852974043,6264200.0,12528400.0
2018-12-28,43820,ＨＥＲＯＺ,2,2,527.3202753470129,263.6601376735064,3402107.0,6804214.0
2018-12-28,43860,ＳＩＧグループ,3,3,640.1261761026813,213.37539203422708,1838700.0,5516100.0
2018-12-28,43900,アイ・ピー・エス,5,5,1266.0098522167489,253.20197044334975,2436000.0,12180000.0
2018-12-28,47330,オービックビジネスコンサルタント,2,2,2746.3074940523393,1373.1537470261696,40352000.0,80704000.0
2018-12-28,57040,ＪＭＣ,2,2,786.173141633527,393.0865708167635,2615200.0,5230400.0
2018-12-28,60990,エラン,2,2,267.349636483807,133.6748182419035,15130000.0,30260000.0
2018-12-28,73200,日本リビング保証,3,3,238.26032146233848,79.42010715411283,1586500.0,4759500.0
2019-01-31,34180,バルニバービ,2,2,622.6667345154441,311.33336725772205,4323340.0,8646680.0
2019-01-31,35650,アセンテック,2,2,414.1136699767589,207.05683498837945,3313100.0,6626200.0
2019-01-31,37630,プロシップ,2,2,544.1375109251264,272.0687554625632,15102800.0,30205600.0
2019-01-31,65770,ベストワンドットコム,2,2,1106.7323481116584,553.3661740558292,609000.0,1218000.0
2019-02-28,35410,農業総合研究所,5,5,157.58152820756962,31.516305641513924,4201000.0,21005000.0
2019-02-28,39650,キャピタル・アセット・プランニング,2,2,945.6080901169064,472.8040450584532,2854248.0,5708496.0
2019-02-28,39930,ＰＫＳＨＡ　Ｔｅｃｈｎｏｌｏｇｙ,2,2,476.4930589299464,238.2465294649732,13376900.0,26753800.0
2019-02-28,49200,日本色材工業研究所,2,2,3504.850965239195,1752.4254826195975,1049688.0,2099376.0
2019-02-28,65780,コレック,3,3,597.153989496866,199.05132983228867,2361200.0,7083600.0
2019-03-29,21730,博展,2,2,311.3028035012051,155.65140175060256,3941500.0,7883000.0
2019-03-29,36330,ＧＭＯペパボ,2,2,627.8290950575939,313.91454752879696,2717300.0,5434600.0
2019-03-29,36940,オプティム,2,2,177.3176277674034,88.6588138837017,13777536.0,27555072.0
2019-03-29,37720,ウェルス・マネジメント,2,2,1140.6880878121901,570.3440439060951,4136100.0,8272200.0
2019-03-29,38350,ｅＢＡＳＥ,2,2,308.0263247167379,154.01316235836896,11791200.0,23582400.0
2019-03-29,43810,ビープラッツ,2,2,411.7156556180946,205.8578278090473,1151280.0,2302560.0
2019-03-29,43890,プロパティデータバンク,3,3,849.1148620831618,283.0382873610539,1943200.0,5829600.0
2019-03-29,43960,システムサポート,2,2,692.7507447864946,346.3753723932473,2517500.0,5035000.0
2019-03-29,44200,イーソル,4,4,816.7449489301424,204.1862372325356,5365200.0,21460800.0
2019-03-29,45340,持田製薬,2,2,6272.360324883091,3136.1801624415457,20315000.0,40630000.0
2019-03-29,45430,テルモ,2,2,1770.473665877643,885.2368329388215,379760520.0,759521040.0
2019-03-29,45530,東和薬品,3,3,5168.704868390403,1722.901622796801,17172000.0,51516000.0
2019-03-29,47180,早稲田アカデミー,2,2,866.1092725401969,433.05463627009846,8334976.0,16669952.0
2019-03-29,69810,村田製作所,3,3,6959.218134663834,2319.739378221278,225271427.0,675814281.0
2019-03-29,70330,マネジメントソリューションズ,3,3,781.8930041152263,260.6310013717421,1822500.0,5467500.0
2019-03-29,71990,プレミアグループ,2,2,766.906054008384,383.453027004192,6154600.0,12309200.0
2019-03-29,73250,アイリックコーポレーション,2,2,733.5098700048146,366.7549350024073,4154000.0,8308000.0
2019-03-29,75640,ワークマン,2,2,1575.3086839688424,787.6543419844212,40923408.0,81846816.0
2019-03-29,75950,アルゴグラフィックス,2,2,2459.6940144940504,1229.8470072470252,11177000.0,22354000.0
2019-03-29,77330,オリンパス,4,4,1280.0318437552312,320.0079609388078,342713349.0,1370853396.0
2019-03-29,98820,イエローハット,2,2,3115.9494636015124,1557.9747318007562,24961573.0,49923146.0
2019-04-26,31390,ラクト・ジャパン,2,2,2938.6296334116205,1469.3148167058102,4896500.0,9793000.0
2019-04-26,39150,テラスカイ,2,2,520.8502247504395,260.4251123752197,6166840.0,12333680.0
2019-05-31,35500,スタジオアタオ,2,2,301.5267175572519,150.76335877862596,6288000.0,12576000.0
2019-05-31,39830,オロ,2,2,657.5903614457832,328.7951807228916,8300000.0,16600000.0
2019-05-31,43940,エクスモーション,2,2,946.6828233868524,473.3414116934262,1320400.0,2640800.0
2019-05-31,43970,チームスピリット,2,2,122.42874214955884,61.21437107477942,7865800.0,15731600.0
2019-05-31,60960,レアジョブ,2,2,571.9369598373157,285.96847991865786,2360400.0,4720800.0
2019-05-31,70490,識学,3,3,284.0163934426229,94.67213114754098,2440000.0,7320000.0
2019-05-31,77170,ブイ・テクノロジー,2,2,5564.945911549475,2782.4729557747373,5028800.0,10057600.0
2019-05-31,97160,乃村工藝社,2,2,722.4726028066787,361.2363014033393,59948294.0,119896588.0
2019-06-28,14140,ショーボンドホールディングス,2,2,2708.7410772157214,1354.3705386078607,28372590.0,56745180.0
2019-06-28,21540,オープンアップグループ,2,2,711.4641294652338,355.7320647326169,21188700.0,42377400.0
2019-06-28,22160,カンロ,2,2,2764.500831961965,1382.2504159809826,3828901.0,7657802.0
2019-06-28,36230,ビリングシステム,2,2,592.2856620559381,296.14283102796907,3282200.0,6564400.0
2019-06-28,36710,ソフトマックス,3,3,880.4429901837402,293.4809967279134,1986500.0,5959500.0
2019-06-28,39840,ユーザーローカル,2,2,672.4430212846111,336.22151064230553,3716300.0,7432600.0
2019-06-28,43070,野村総合研究所,3,3,1691.6023242856006,563.8674414285335,251260000.0,753780000.0
2019-06-28,65720,ＲＰＡホールディングス,2,2,210.316573556797,105.1582867783985,26850000.0,53700000.0
2019-06-28,70340,プロレド・パートナーズ,2,2,660.4765241765942,330.2382620882971,5137200.0,10274400.0
2019-06-28,70370,テノ．ホールディングス,3,3,1071.6404138930995,357.21347129769987,1517300.0,4551900.0
2019-06-28,70390,ブリッジインターナショナル,2,2,1135.7908925745767,567.8954462872883,1706300.0,3412600.0
2019-06-28,77470,朝日インテック,2,2,494.36322596913766,247.18161298456883,130074400.0,260148800.0
2019-06-28,77810,平山ホールディングス,2,2,1516.3522714588682,758.1761357294341,1791800.0,3583600.0
2019-06-28,96820,ＤＴＳ,2,2,2036.0184925494007,1018.0092462747003,25222266.0,50444532.0
2019-06-28,99840,ソフトバンクグループ,2,2,8185.2715755781755,4092.6357877890878,1100660365.0,2201320730.0
2019-07-31,21800,サニーサイドアップグループ,2,2,309.7866866759567,154.89334333797834,7463200.0,14926400.0
2019-07-31,28040,ブルドックソース,2,2,1416.7087069182967,708.3543534591483,13954880.0,27909760.0
2019-07-31,36650,エニグモ,2,2,277.4729140284227,138.73645701421134,21321000.0,42642000.0
2019-07-31,39400,ノムラシステムコーポレーション,2,2,376.3836345803559,188.19181729017794,5709600.0,11419200.0
2019-07-31,44280,シノプス,5,5,915.4577288644322,183.09154577288643,1199400.0,5997000.0
2019-07-31,70350,ａｎｄ　ｆａｃｔｏｒｙ,2,2,329.21706350212577,164.60853175106288,4732440.0,9464880.0
2019-08-30,14460,キャンディル,2,2,604.6313010733904,302.3156505366952,5151900.0,10303800.0
2019-08-30,33920,デリカフーズホールディングス,2,2,1055.8095750403443,527.9047875201721,7436000.0,14872000.0
2019-08-30,34980,霞ヶ関キャピタル,2,2,701.219512195122,350.609756097561,1377600.0,2755200.0
2019-08-30,39390,カナミックネットワーク,3,3,87.01072051857392,29.00357350619131,16044000.0,48132000.0
2019-08-30,44290,リックソフト,2,2,574.6087618322789,287.30438091613945,2102300.0,4204600.0
2019-08-30,44340,サーバーワークス,2,2,1458.5798816568047,729.2899408284023,1690000.0,3380000.0
2019-08-30,44400,ヴィッツ,2,2,838.7787895018747,419.38939475093736,1867000.0,3734000.0
2019-08-30,70360,イーエムネットジャパン,2,2,1004.3478260869565,502.17391304347825,920000.0,1840000.0
2019-08-30,70600,ギークス,2,2,604.5526078702039,302.27630393510196,5172420.0,10344840.0
2019-08-30,74530,良品計画,10,10,7046.4420542773705,704.644205427737,28078000.0,280780000.0
2019-08-30,75320,パン・パシフィック・インターナショナルホールディングス,4,4,2232.712673229504,558.178168307376,158321760.0,633287040.0
2019-08-30,77300,マニー,3,3,977.6917248926677,325.89724163088925,35637000.0,106911000.0
2019-08-30,92700,バリュエンスホールディングス,2,2,891.4832195134359,445.74160975671793,6290640.0,12581280.0
2019-08-30,94500,ファイバーゲート,2,2,201.99033382955727,100.99516691477864,9807400.0,19614800.0
2019-09-30,21600,ジーエヌアイグループ,3,3,861.9571613836574,287.3190537945525,13902083.0,41706249.0
2019-09-30,24710,エスプール,5,5,155.0485713381641,31.00971426763282,15801500.0,79007500.0
2019-09-30,32880,オープンハウスグループ,2,2,2175.498108602171,1087.7490543010856,57602900.0,115205800.0
2019-09-30,35590,ピーバンドットコム,2,2,466.01882751807665,233.00941375903832,2238107.0,4476214.0
2019-09-30,37710,システムリサーチ,2,2,1262.200956937799,631.1004784688995,4180000.0,8360000.0
2019-09-30,38440,コムチュア,2,2,645.9977172348766,322.9988586174383,16120800.0,32241600.0
2019-09-30,39230,ラクス,2,2,104.29542645241038,52.14771322620519,45304000.0,90608000.0
2019-09-30,42900,プレステージ・インターナショナル,2,2,434.62219713941334,217.31109856970667,63965900.0,127931800.0
2019-09-30,43200,ＣＥホールディングス,2,2,611.4983963739497,305.74919818697487,7545400.0,15090800.0
2019-09-30,63060,日工,5,5,3776.375,755.275,8000000.0,40000000.0
2019-09-30,65640,ミダックホールディングス,3,3,713.5336762626719,237.84455875422395,3324300.0,9972900.0
2019-09-30,70380,フロンティア・マネジメント,2,2,620.7500876270592,310.3750438135296,2853000.0,5706000.0
2019-09-30,81110,ゴールドウイン,2,2,1637.33458651887,818.667293259435,23824086.0,47648172.0
2019-09-30,81410,新光商事,2,2,2030.1116668033915,1015.0558334016957,24855283.0,49710566.0
2019-09-30,90900,ＡＺ−ＣＯＭ丸和ホールディングス,2,2,728.6320212273426,364.3160106136713,32139680.0,64279360.0
2019-09-30,92620,シルバーライフ,2,2,692.1366941712822,346.0683470856411,5308200.0,10616400.0
2019-09-30,94160,ビジョン,3,3,664.2590438881067,221.41968129603558,16337000.0,49011000.0
2019-09-30,96280,燦ホールディングス,2,2,4320.448115161967,2160.2240575809833,6082008.0,12164016.0
2019-10-31,19920,神田通信機,3,3,4286.323676906345,1428.7745589687815,874409.0,2623227.0
2019-10-31,30380,神戸物産,2,2,697.1198830409356,348.5599415204678,68400000.0,136800000.0
2019-10-31,38540,アイル,2,2,227.69266744954822,113.84633372477411,12521264.0,25042528.0
2019-10-31,44300,東海ソフト,2,2,598.6819582334817,299.34097911674087,4673600.0,9347200.0
2019-10-31,44380,Ｗｅｌｂｙ,4,4,821.0872469427602,205.27181173569005,1946200.0,7784800.0
2019-10-31,44410,トビラシステムズ,3,3,281.72320694917244,93.90773564972415,3407600.0,10222800.0
2019-11-29,38360,アバントグループ,2,2,318.8166106594942,159.4083053297471,18785094.0,37570188.0
2019-11-29,39680,セグエグループ,2,2,476.90482835612613,238.45241417806307,5732800.0,11465600.0
2019-11-29,60800,Ｍ＆Ａキャピタルパートナーズ,2,2,1102.5312399871837,551.2656199935918,15605000.0,31210000.0
2019-11-29,68610,キーエンス,2,2,13722.18157383547,6861.090786917735,121603842.0,243207684.0
2019-11-29,70650,ユーピーアール,5,5,3822.4543080939948,764.4908616187989,1532000.0,7660000.0
2019-11-29,76730,ダイコー通産,2,2,2096.09246959372,1048.04623479686,2666390.0,5332780.0
2019-11-29,99340,因幡電機産業,2,2,4510.359985111399,2255.1799925556993,28209500.0,56419000.0
2019-12-30,14310,Ｌｉｂ　Ｗｏｒｋ,2,2,680.3787835461977,340.18939177309886,2710255.0,5420510.0
2019-12-30,24920,インフォマート,2,2,84.63901026553475,42.319505132767375,129715600.0,259431200.0
2019-12-30,27520,フジオフードグループ本社,2,2,436.9360042364108,218.4680021182054,22264130.0,44528260.0
2019-12-30,34840,テンポイノベーション,2,2,252.4629160027827,126.23145800139135,8912200.0,17824400.0
2019-12-30,44370,ｇｏｏｄｄａｙｓホールディングス,2,2,939.0125847047435,469.50629235237176,1652800.0,3305600.0
2019-12-30,44390,東名,3,3,1623.3333333333333,541.1111111111111,2400000.0,7200000.0
2019-12-30,48200,イーエムシステムズ,2,2,465.8717440312899,232.93587201564495,36817000.0,73634000.0
2019-12-30,60620,チャーム・ケア・コーポレーション,2,2,334.0210586226523,167.01052931132614,14056000.0,28112000.0
2019-12-30,60960,レアジョブ,2,2,309.4441857511747,154.72209287558735,4724600.0,9449200.0
2019-12-30,61950,ホープ,4,4,380.1463204705207,95.03658011763018,1394200.0,5576800.0
2019-12-30,69200,レーザーテック,2,2,650.7195099187157,325.3597549593579,47143200.0,94286400.0
2019-12-30,75080,Ｇ‐７ホールディングス,2,2,1582.7359707267328,791.3679853633664,13336400.0,26672800.0
2019-12-30,78140,日本創発グループ,4,4,811.0474402323821,202.76186005809552,13817934.0,55271736.0
2019-12-30,89280,穴吹興産,2,2,4502.583307326884,2251.291653663442,5767800.0,11535600.0
2019-12-30,91300,共栄タンカー,2,2,3081.3071895424837,1540.6535947712418,3825000.0,7650000.0
2019-12-30,94320,日本電信電話,2,2,5924.929124722139,2962.4645623610695,1950394470.0,3900788940.0
2019-12-30,97590,ＮＳＤ,2,2,951.2602348503864,475.6301174251932,47172160.0,94344320.0
2020-01-31,31760,三洋貿易,2,2,2023.11744175031,1011.558720875155,14503854.0,29007708.0
2020-01-31,43820,ＨＥＲＯＺ,2,2,307.1544612083157,153.57723060415785,7016014.0,14032028.0
2020-01-31,44460,Ｌｉｎｋ−Ｕグループ,3,3,378.42847370859903,126.14282456953302,4531900.0,13595700.0
2020-01-31,46740,クレスコ,2,2,1243.5,621.75,12000000.0,24000000.0
2020-01-31,62390,ナガオカ,2,2,731.2386980108499,365.61934900542497,3539200.0,7078400.0
2020-01-31,70340,プロレド・パートナーズ,2,2,706.5029068648212,353.2514534324106,5194600.0,10389200.0
2020-02-28,27260,パルグループホールディングス,2,2,1999.9567773167357,999.9783886583679,23136000.0,46272000.0
2020-02-28,33870,クリエイト・レストランツ・ホールディングス,2,2,267.3595189627418,133.6797594813709,94722642.0,189445284.0
2020-02-28,60860,シンメンテホールディングス,2,2,484.7606842369198,242.3803421184599,5384100.0,10768200.0
2020-02-28,70440,ピアラ,2,2,526.1054124959184,263.0527062479592,3552520.0,7105040.0
2020-03-31,29700,グッドライフカンパニー,3,3,1386.0186702772037,462.00622342573456,1403300.0,4209900.0
2020-03-31,33970,トリドールホールディングス,2,2,1108.6348258357416,554.3174129178708,43558076.0,87116152.0
2020-03-31,34520,ビーロット,2,2,989.7793207254011,494.88966036270057,8238200.0,16476400.0
2020-03-31,35630,ＦＯＯＤ　＆　ＬＩＦＥ　ＣＯＭＰＡＮＩＥＳ,4,4,1639.362569838872,409.840642459718,29012496.0,116049984.0
2020-03-31,36260,ＴＩＳ,3,3,2832.24233605863,944.08077868621,87789098.0,263367294.0
2020-03-31,36940,オプティム,2,2,104.61924256684455,52.309621283422274,27557072.0,55114144.0
2020-03-31,38350,ｅＢＡＳＥ,2,2,183.44188886627316,91.72094443313658,23582400.0,47164800.0
2020-03-31,39180,ＰＣＩホールディングス,2,2,1251.5253919083825,625.7626959541913,4261200.0,8522400.0
2020-03-31,44240,Ａｍａｚｉａ,2,2,355.69441523717967,177.84720761858983,3328700.0,6657400.0
2020-03-31,45260,理研ビタミン,2,2,3160.635890834318,1580.317945417159,20352550.0,40705100.0
2020-03-31,45740,大幸薬品,3,3,1288.207953176106,429.402651058702,14522500.0,43567500.0
2020-03-31,47670,テー・オー・ダブリュー,2,2,415.69074503642054,207.84537251821027,24484548.0,48969096.0
2020-03-31,60780,バリューＨＲ,2,2,426.63463753331797,213.31731876665899,6077800.0,12155600.0
2020-03-31,65940,ニデック,2,2,3420.434556749179,1710.2172783745896,298142234.0,596284468.0
2020-03-31,70330,マネジメントソリューションズ,3,3,299.1522513240424,99.71741710801415,5532300.0,16596900.0
2020-03-31,70710,アンビスホールディングス,2,2,386.8235713648926,193.4117856824463,11217000.0,22434000.0
2020-03-31,74660,ＳＰＫ,2,2,3368.7271614149877,1684.3635807074938,5226900.0,10453800.0
2020-03-31,75050,扶桑電通,2,2,4567.173012995297,2283.5865064976483,1740245.0,3480490.0
2020-03-31,77490,メディキット,2,2,4388.347457627118,2194.173728813559,9440000.0,18880000.0
2020-03-31,78200,ニホンフラッシュ,2,2,1619.1540303272147,809.5770151636074,12530000.0,25060000.0
2020-03-31,78390,ＳＨＯＥＩ,2,2,1028.361069966019,514.1805349830095,13772400.0,27544800.0
2020-03-31,89190,カチタス,2,2,571.3113078291543,285.65565391457716,39325320.0,78650640.0
2020-03-31,92790,ギフトホールディングス,2,2,641.3982400904174,320.6991200452087,4954800.0,9909600.0
2020-03-31,94700,学研ホールディングス,4,4,3661.5423760037934,915.3855940009483,10595808.0,42383232.0
2020-03-31,96250,セレスポ,2,2,2306.6538090646095,1153.3269045323048,2851750.0,5703500.0
2020-04-30,34800,ジェイ・エス・ビー,2,2,2902.594325042758,1451.297162521379,4852900.0,9705800.0
2020-05-29,33490,コスモス薬品,2,2,6923.211535769285,3461.6057678846423,20000400.0,40000800.0
2020-05-29,43960,システムサポート,2,2,443.2969215491559,221.64846077457796,5035000.0,10070000.0
2020-06-30,34090,北日本紡績,7,7,360.15800480210675,51.4511435431581,1291100.0,9037700.0
2020-06-30,37620,テクマトリックス,2,2,674.1032921219091,337.05164606095457,22259200.0,44518400.0
2020-06-30,39400,ノムラシステムコーポレーション,2,2,191.38506466416354,95.69253233208177,11505600.0,23011200.0
2020-06-30,39980,すららネット,5,5,749.9802636772716,149.99605273545433,1266700.0,6333500.0
2020-06-30,44810,ベース,3,3,1905.9523005202352,635.317433506745,2960200.0,8880600.0
2020-06-30,44820,ウィルズ,4,4,153.02351867147763,38.25587966786941,4600600.0,18402400.0
2020-06-30,44930,サイバーセキュリティクラウド,4,4,228.63340563991324,57.15835140997831,2305000.0,9220000.0
2020-06-30,45190,中外製薬,3,3,1526.0667041759204,508.68890139197345,559685889.0,1679057667.0
2020-06-30,52850,ヤマックス,5,5,4018.1347150259066,803.6269430051814,1158000.0,5790000.0
2020-06-30,61560,エーワン精密,2,2,2765.6666666666665,1382.8333333333333,3000000.0,6000000.0
2020-06-30,66350,大日光・エンジニアリング,2,2,956.9868835641533,478.4934417820767,2729400.0,5458800.0
2020-06-30,96580,ビジネスブレイン太田昭和,2,2,1255.375,627.6875,8000000.0,16000000.0
2020-07-31,35650,アセンテック,2,2,262.7767432236706,131.3883716118353,6766200.0,13532400.0
2020-07-31,43800,Ｍマート,2,2,358.2236035004498,179.1118017502249,2445400.0,4890800.0
2020-08-31,31500,グリムス,2,2,480.18960276160544,240.09480138080272,11645400.0,23290800.0
2020-08-31,39220,ＰＲ　ＴＩＭＥＳ,2,2,275.54023125167197,137.77011562583598,6728600.0,13457200.0
2020-08-31,39620,チェンジホールディングス,2,2,531.0851258116883,265.54256290584414,15769600.0,31539200.0
2020-08-31,44340,サーバーワークス,2,2,926.2421657661129,463.12108288305643,3425670.0,6851340.0
2020-08-31,44860,ユナイトアンドグロウ,2,2,601.7679679349915,300.88398396749574,1821300.0,3642600.0
2020-08-31,62790,瑞光,4,4,3529.1666666666665,882.2916666666666,7200000.0,28800000.0
2020-08-31,71920,日本モーゲージサービス,2,2,662.7434496286955,331.3717248143478,7137000.0,14274000.0
2020-08-31,72190,エッチ・ケー・エス,2,2,10693.75,5346.875,800000.0,1600000.0
2020-09-30,14310,Ｌｉｂ　Ｗｏｒｋ,2,2,331.1496519700176,165.5748259850088,5420510.0,10841020.0
2020-09-30,14500,田中建設工業,2,2,1827.6702377120787,913.8351188560393,2174900.0,4349800.0
2020-09-30,31990,綿半ホールディングス,2,2,1669.8377934017426,834.9188967008713,9882397.0,19764794.0
2020-09-30,39230,ラクス,2,2,60.89969980575667,30.449849902878334,90608000.0,181216000.0
2020-09-30,39330,チエル,2,2,409.1048908028299,204.55244540141496,3901200.0,7802400.0
2020-09-30,42990,ハイマックス,2,2,1313.4625398936855,656.7312699468428,6206496.0,12412992.0
2020-09-30,43870,ＺＵＵ,2,2,367.60015686793326,183.80007843396663,2116430.0,4232860.0
2020-09-30,44830,ＪＭＤＣ,2,2,376.3227793818389,188.16138969091946,25975042.0,51950084.0
2020-09-30,45520,ＪＣＲファーマ,4,4,1013.5225686276766,253.38064215691915,32421577.0,129686308.0
2020-09-30,45680,第一三共,3,3,1856.2580316856793,618.7526772285597,709011343.0,2127034029.0
2020-09-30,60360,ＫｅｅＰｅｒ技研,2,2,412.434708445718,206.217354222859,14140420.0,28280840.0
2020-09-30,65790,ログリー,2,2,677.9026217228464,338.9513108614232,1869000.0,3738000.0
2020-09-30,78960,セブン工業,3,3,4153.426416305569,1384.4754721018562,1557750.0,4673250.0
2020-09-30,79470,エフピコ,2,2,2718.034138216121,1359.0170691080605,44284212.0,88568424.0
2020-09-30,87150,アニコム　ホールディングス,4,4,1186.7126893125737,296.67817232814343,20250900.0,81003600.0
2020-09-30,95510,メタウォーター,2,2,1809.555036935599,904.7775184677995,25923500.0,51847000.0
2020-10-30,30380,神戸物産,2,2,406.6593567251462,203.3296783625731,136800000.0,273600000.0
2020-10-30,34750,グッドコムアセット,2,2,1079.9873454430412,539.9936727215206,7586200.0,15172400.0
2020-10-30,34910,ＧＡ　ｔｅｃｈｎｏｌｏｇｉｅｓ,3,3,655.2995415483128,218.4331805161043,9690225.0,29070675.0
2020-10-30,35620,Ｎｏ．１,2,2,664.4634402110013,332.23172010550064,3146900.0,6293800.0
2020-10-30,48800,セルソース,3,3,944.8702830188679,314.9567610062893,2035200.0,6105600.0
2020-10-30,91430,ＳＧホールディングス,2,2,1166.834063508363,583.4170317541815,320197200.0,640394400.0
2020-11-30,21530,Ｅ・Ｊホールディングス,2,2,2697.953191407315,1348.9765957036575,7261060.0,14522120.0
2020-11-30,39940,マネーフォワード,2,2,462.61006234356637,231.30503117178318,23577092.0,47154184.0
2020-11-30,40540,日本情報クリエイト,2,2,377.43115175135586,188.71557587567793,6907220.0,13814440.0
2020-11-30,40550,ティアンドエス,2,2,595.1904952304792,297.5952476152396,1750700.0,3501400.0
2020-11-30,70680,フィードフォースグループ,4,4,334.3815513626834,83.59538784067085,5724000.0,22896000.0
2020-11-30,92730,コーア商事ホールディングス,2,2,761.5854424964374,380.7927212482187,19809990.0,39619980.0
2020-12-30,17160,第一カッター興業,2,2,2131.0,1065.5,6000000.0,12000000.0
2020-12-30,36830,サイバーリンクス,2,2,945.9746381337615,472.98731906688073,5171386.0,10342772.0
2020-12-30,37740,インターネットイニシアティブ,2,2,1793.424999893013,896.7124999465065,46734600.0,93469200.0
2020-12-30,39620,チェンジホールディングス,2,2,276.77416901194186,138.38708450597093,31552800.0,63105600.0
2020-12-30,40580,トヨクモ,2,2,206.51739304278289,103.25869652139144,5002000.0,10004000.0
2020-12-30,44210,ディ・アイ・システム,2,2,596.9170219744178,298.4585109872089,1524500.0,3049000.0
2020-12-30,46850,菱友システムズ,5,5,9017.309205350119,1803.4618410700236,1271000.0,6355000.0
2020-12-30,48120,電通総研,2,2,1789.7754120432362,894.8877060216181,32591240.0,65182480.0
2020-12-30,60990,エラン,2,2,190.85808580858085,95.42904290429043,30300000.0,60600000.0
2020-12-30,62000,インソース,2,2,135.2838356228664,67.6419178114332,21310750.0,42621500.0
2020-12-30,65440,ジャパンエレベーターサービスホールディングス,2,2,202.43953370133644,101.21976685066822,44057600.0,88115200.0
2020-12-30,65630,みらいワークス,4,4,648.0411302857598,162.01028257143994,1254550.0,5018200.0
2020-12-30,70380,フロンティア・マネジメント,2,2,364.2598073956727,182.12990369783634,5756880.0,11513760.0
2020-12-30,74250,初穂商事,2,2,8593.772445455746,4296.886222727873,870165.0,1740330.0
2020-12-30,76850,ＢｕｙＳｅｌｌ　Ｔｅｃｈｎｏｌｏｇｉｅｓ,2,2,365.6937032929806,182.8468516464903,6907420.0,13814840.0
2020-12-30,90900,ＡＺ−ＣＯＭ丸和ホールディングス,2,2,446.63829723770914,223.31914861885457,64369760.0,128739520.0
2020-12-30,97020,アイ・エス・ビー,2,2,1478.3123698863644,739.1561849431822,5598952.0,11197904.0
2021-01-29,34960,アズーム,2,2,347.71937001431786,173.85968500715893,2933400.0,5866800.0
2021-01-29,43690,トリケミカル研究所,4,4,1498.0491951009708,374.5122987752427,7812160.0,31248640.0
2021-01-29,57240,アサカ理研,2,2,1210.2009874431442,605.1004937215721,2572300.0,5144600.0
2021-01-29,70940,ＮｅｘＴｏｎｅ,3,3,736.6027931146476,245.5342643715492,3079000.0,9237000.0
2021-02-26,30970,物語コーポレーション,2,2,3263.0122409767596,1631.5061204883798,6035221.0,12070442.0
2021-02-26,33530,メディカル一光グループ,2,2,5054.545454545455,2527.2727272727275,2035000.0,4070000.0
2021-03-31,14310,Ｌｉｂ　Ｗｏｒｋ,2,2,176.182683917196,88.091341958598,10841020.0,21682040.0
2021-03-31,18670,植木組,2,2,6547.1472582929755,3273.5736291464877,3436764.0,6873528.0
2021-03-31,21270,日本Ｍ＆Ａセンターホールディングス,2,2,259.9595269744868,129.9797634872434,168210800.0,336421600.0
2021-03-31,23750,ギグワークス,3,3,558.6335239149104,186.21117463830345,7283845.0,21851535.0
2021-03-31,26130,Ｊ−オイルミルズ,2,2,5527.382559012137,2763.6912795060684,16754223.0,33508446.0
2021-03-31,30420,セキュアヴェイル,2,2,284.26527958387516,142.13263979193758,3845000.0,7690000.0
2021-03-31,30640,ＭｏｎｏｔａＲＯ,2,2,190.15205621012564,95.07602810506282,250631000.0,501262000.0
2021-03-31,31070,ダイワボウホールディングス,5,5,6157.91613764142,1231.583227528284,19271292.0,96356460.0
2021-03-31,33600,シップヘルスケアホールディングス,2,2,2189.449332837609,1094.7246664188044,50834700.0,101669400.0
2021-03-31,37680,リスクモンスター,2,2,1435.0221189512758,717.5110594756379,3773461.0,7546922.0
2021-03-31,38020,エコミック,2,2,516.8563224502818,258.4281612251409,1880600.0,3761200.0
2021-03-31,41690,ＥＮＥＣＨＡＮＧＥ,2,2,147.36721210984877,73.68360605492438,5781476.0,11562952.0
2021-03-31,44770,ＢＡＳＥ,5,5,739.1724477424177,147.83448954848356,21939400.0,109697000.0
2021-03-31,44960,コマースＯｎｅホールディングス,2,2,432.7830502166574,216.3915251083287,3761700.0,7523400.0
2021-03-31,46120,日本ペイントホールディングス,5,5,2150.5831165502345,430.11662331004686,325402443.0,1627012215.0
2021-03-31,47510,サイバーエージェント,4,4,968.435440010251,242.10886000256275,126426600.0,505706400.0
2021-03-31,48320,ＪＦＥシステムズ,2,2,2529.0971603208964,1264.5485801604482,7853000.0,15706000.0
2021-03-31,58570,ＡＲＥホールディングス,2,2,1952.459686703161,976.2298433515805,39854344.0,79708688.0
2021-03-31,59920,中央発條,4,4,9410.70681074712,2352.67670268678,6385599.0,25542396.0
2021-03-31,61570,日進工具,2,2,1189.6244786446932,594.8122393223466,12505627.0,25011254.0
2021-03-31,61940,アトラエ,2,2,342.7476688668373,171.37383443341864,13362600.0,26725200.0
2021-03-31,64850,前澤給装工業,2,2,2980.3333333333335,1490.1666666666667,12000000.0,24000000.0
2021-03-31,64880,ヨシタケ,2,2,1713.1031580603183,856.5515790301591,6967473.0,13934946.0
2021-03-31,65800,ライトアップ,2,2,611.091973820186,305.545986910093,2903000.0,5806000.0
2021-03-31,67500,エレコム,2,2,1569.765462297154,784.882731148577,46110710.0,92221420.0
2021-03-31,70590,コプロ・ホールディングス,2,2,1183.6,591.8,5000000.0,10000000.0
2021-03-31,73130,テイ・エス　テック,2,2,4133.764705882353,2066.8823529411766,68000000.0,136000000.0
2021-03-31,75780,ニチリョク,5,5,1519.0952770478266,303.8190554095653,2566001.0,12830005.0
2021-03-31,78170,パラマウントベッドホールディングス,2,2,3561.0734772554515,1780.5367386277258,30877487.0,61754974.0
2021-03-31,80430,スターゼン,2,2,5902.507008305061,2951.2535041525307,9761276.0,19522552.0
2021-03-31,81010,ＧＳＩクレオス,2,2,3660.3412451502104,1830.1706225751052,6464971.0,12929942.0
2021-03-31,81740,日本瓦斯,3,3,1634.045544404797,544.6818481349324,40197166.0,120591498.0
2021-03-31,87980,アドバンスクリエイト,2,2,496.11141255199857,248.05570627599928,11058000.0,22116000.0
2021-03-31,96970,カプコン,2,2,825.0343117054464,412.5171558527232,135446488.0,270892976.0
2021-03-31,97460,ＴＫＣ,2,2,2891.433338921096,1445.716669460548,26731033.0,53462066.0
2021-04-30,23730,ケア２１,3,3,1147.33225545675,382.44408515225007,4948000.0,14844000.0
2021-04-30,26950,くら寿司,2,2,2277.1234504681206,1138.5617252340603,20699800.0,41399600.0
2021-04-30,39740,ＳＣＡＴ,3,3,1208.7912087912089,402.9304029304029,1820000.0,5460000.0
2021-04-30,39760,シャノン,2,2,429.63013558280113,214.81506779140057,1464050.0,2928100.0
2021-04-30,70780,ＩＮＣＬＵＳＩＶＥ,3,3,537.9276152702033,179.30920509006776,2420400.0,7261200.0
2021-04-30,92730,コーア商事ホールディングス,2,2,792.0246299972893,396.0123149986446,19809990.0,39619980.0
2021-05-31,26780,アスクル,2,2,1042.5737521580038,521.2868760790019,55259400.0,110518800.0
2021-05-31,36450,メディカルネット,2,2,234.1037779634271,117.05188898171355,5386500.0,10773000.0
2021-05-31,92720,ブティックス,2,2,372.0325971418448,186.0162985709224,2540100.0,5080200.0
2021-06-30,36630,セルシス,4,4,550.386532871226,137.5966332178065,8159720.0,32638880.0
2021-06-30,39840,ユーザーローカル,2,2,557.0228091236495,278.51140456182475,7913500.0,15827000.0
2021-06-30,40120,アクシス,2,2,928.780487804878,464.390243902439,2050000.0,4100000.0
2021-06-30,41930,ファブリカホールディングス,2,2,388.76577704981213,194.38288852490606,2075800.0,4151600.0
2021-06-30,46900,日本パレットプール,2,2,5777.64705882353,2888.823529411765,850000.0,1700000.0
2021-06-30,49660,上村工業,2,2,7033.075387425036,3516.537693712518,9878040.0,19756080.0
2021-06-30,53550,日本坩堝,5,5,3486.061431896894,697.2122863793788,1409040.0,7045200.0
2021-06-30,63280,荏原実業,2,2,2834.5495160089354,1417.2747580044677,6715000.0,13430000.0
2021-06-30,63470,プラコー,3,3,468.7942808560432,156.26476028534773,2734675.0,8204025.0
2021-06-30,65640,ミダックホールディングス,2,2,412.4974321623994,206.2487160811997,13386750.0,26773500.0
2021-06-30,68400,ＡＫＩＢＡホールディングス,10,10,2444.3680541655426,244.43680541655425,919256.0,9192560.0
2021-06-30,73530,ＫＩＹＯラーニング,3,3,419.2080109239873,139.7360036413291,2197000.0,6591000.0
2021-06-30,74620,ＣＡＰＩＴＡ,5,5,1693.0187302359523,338.60374604719044,822200.0,4111000.0
2021-08-31,34980,霞ヶ関キャピタル,2,2,1142.3130403240432,571.1565201620216,3308200.0,6616400.0
2021-08-31,44310,スマレジ,2,2,375.83453465427516,187.91726732713758,9780900.0,19561800.0
2021-08-31,44920,ゼネテック,2,2,970.8333333333334,485.4166666666667,1920000.0,3840000.0
2021-08-31,89290,青山財産ネットワークス,2,2,572.6206511383423,286.31032556917114,12175600.0,24351200.0
2021-08-31,93260,関通,3,3,692.8995383600792,230.96651278669304,3411750.0,10235250.0
2021-09-30,19390,四電工,2,2,6417.9011741893655,3208.9505870946828,8127735.0,16255470.0
2021-09-30,20030,日東富士製粉,2,2,8437.964318198674,4218.982159099337,4692364.0,9384728.0
2021-09-30,21850,シイエム・シイ,2,2,2129.768866610972,1064.884433305486,7182000.0,14364000.0
2021-09-30,36280,データホライゾン,3,3,439.5437944943423,146.51459816478078,3565060.0,10695180.0
2021-09-30,39250,ダブルスタンダード,2,2,400.0,200.0,6790000.0,13580000.0
2021-09-30,39360,グローバルウェイ,5,5,222.871406627167,44.5742813254334,1166592.0,5832960.0
2021-09-30,39790,うるる,2,2,635.5276601955919,317.76383009779596,3425500.0,6851000.0
2021-09-30,41130,田岡化学工業,5,5,5395.083102493075,1079.0166204986149,2888000.0,14440000.0
2021-09-30,41740,アピリッツ,3,3,1351.4763703646597,450.49212345488655,1297100.0,3891300.0
2021-09-30,42840,ソルクシーズ,2,2,552.9333168385458,276.4666584192729,13410297.0,26820594.0
2021-09-30,43080,Ｊストリーム,2,2,667.8452030480372,333.9226015240186,14028700.0,28057400.0
2021-09-30,44620,石原ケミカル,2,2,2547.172356618846,1273.586178309423,8154140.0,16308280.0
2021-09-30,46260,太陽ホールディングス,2,2,2664.930760906201,1332.4653804531006,28998502.0,57997004.0
2021-09-30,62770,ホソカワミクロン,2,2,5170.006879645894,2585.003439822947,8615269.0,17230538.0
2021-09-30,67620,ＴＤＫ,3,3,7997.783235287044,2665.927745095681,129590659.0,388771977.0
2021-09-30,70360,イーエムネットジャパン,2,2,693.281707827543,346.6408539137715,1911200.0,3822400.0
2021-09-30,70910,リビングプラットフォーム,3,3,855.6149732620321,285.204991087344,1496000.0,4488000.0
2021-09-30,71750,今村証券,2,2,3771.4285714285716,1885.7142857142858,2660000.0,5320000.0
2021-09-30,72030,トヨタ自動車,5,5,7666.8465303251905,1533.3693060650382,3262997492.0,16314987460.0
2021-09-30,73170,松屋アールアンドディ,2,2,1116.0170523751522,558.0085261875761,2627200.0,5254400.0
2021-09-30,73660,ＬＩＴＡＬＩＣＯ,2,2,263.2726587936785,131.63632939683924,17757256.0,35514512.0
2021-09-30,75050,扶桑電通,2,2,2899.304408287339,1449.6522041436695,3480490.0,6960980.0
2021-09-30,75080,Ｇ‐７ホールディングス,2,2,972.6815377554985,486.34076887774927,22031877.0,44063754.0
2021-09-30,75610,ハークスレイ,2,2,1895.0511889670706,947.5255944835353,11025032.0,22050064.0
2021-09-30,77800,メニコン,2,2,1606.798771897897,803.3993859489485,38090644.0,76181288.0
2021-09-30,78030,ブシロード,2,2,841.0717096262576,420.5358548131288,16519400.0,33038800.0
2021-09-30,79900,グローブライド,2,2,2660.8333333333335,1330.4166666666667,12000000.0,24000000.0
2021-09-30,80660,三谷商事,4,4,5214.628544626671,1303.6571361566678,30002137.0,120008548.0
2021-09-30,96290,ピー・シー・エー,3,3,2126.2337662337663,708.7445887445888,7700000.0,23100000.0
2021-09-30,96440,タナベコンサルティンググループ,2,2,1268.9908843754997,634.4954421877499,8754200.0,17508400.0
2021-09-30,97190,ＳＣＳＫ,3,3,2190.603286065226,730.2010953550753,104181803.0,312545409.0
2021-10-29,48800,セルソース,3,3,402.2431235657261,134.08104118857537,6187800.0,18563400.0
2021-10-29,69620,大真空,4,4,3870.3794196243175,967.5948549060794,9049242.0,36196968.0
2021-10-29,70660,ピアズ,2,2,957.930516929325,478.9652584646625,2265300.0,4530600.0
2021-11-30,23170,システナ,4,4,244.3665720369056,61.0916430092264,112720000.0,450880000.0
2021-11-30,35440,サツドラホールディングス,3,3,1808.5196119780683,602.839870659356,4742000.0,14226000.0
2021-11-30,39360,グローバルウェイ,3,15,29.586279491150197,9.862093163716732,17541915.0,52625745.0
2021-11-30,40550,ティアンドエス,2,2,366.81863438662685,183.40931719331343,3816600.0,7633200.0
2021-11-30,44430,Ｓａｎｓａｎ,4,4,391.4023175697359,97.85057939243397,31195523.0,124782092.0
2021-11-30,65220,アスタリスク,4,4,368.75,92.1875,1280000.0,5120000.0
2021-11-30,73730,アイドマ・ホールディングス,2,2,401.08415381267355,200.54207690633677,7581950.0,15163900.0
2021-11-30,79750,リヒトラブ,2,2,5197.473595932594,2598.736797966297,1907850.0,3815700.0
2021-11-30,93690,キユーソー流通システム,2,2,3576.3020689546374,1788.1510344773187,12677900.0,25355800.0
2021-12-30,21950,アミタホールディングス,5,5,962.8671893171339,192.5734378634268,1169424.0,5847120.0
2021-12-30,34390,三ツ知,2,2,3233.7614346799796,1616.8807173399898,2652020.0,5304040.0
2021-12-30,36550,ブレインパッド,3,3,562.7203864865315,187.57346216217718,7433532.0,22300596.0
2021-12-30,36610,エムアップホールディングス,4,4,551.9300716006421,137.98251790016053,9117097.0,36468388.0
2021-12-30,39360,グローバルウェイ,2,30,29.586279491150197,14.793139745575099,17541915.0,35083830.0
2021-12-30,41690,ＥＮＥＣＨＡＮＧＥ,2,2,76.10740276678449,38.053701383392244,13730596.0,27461192.0
2021-12-30,43560,応用技術,2,2,1201.7212426532326,600.8606213266163,2858400.0,5716800.0
2021-12-30,44750,ＨＥＮＮＧＥ,2,2,113.45587963703969,56.72793981851984,16244200.0,32488400.0
2021-12-30,47220,フューチャー,2,2,883.9585431352803,441.9792715676401,47664000.0,95328000.0
2021-12-30,56990,イボキン,2,2,2038.3986928104575,1019.1993464052288,1713600.0,3427200.0
2021-12-30,61610,エスティック,4,4,2335.146159075459,583.7865397688647,2942000.0,11768000.0
2021-12-30,66940,ズーム,2,2,2431.4315412298706,1215.7157706149353,2297412.0,4594824.0
2021-12-30,70710,アンビスホールディングス,2,2,673.0230642504118,336.5115321252059,24280000.0,48560000.0
2021-12-30,73520,ＴＷＯＳＴＯＮＥ＆Ｓｏｎｓ,2,2,111.90206546944938,55.95103273472469,5192040.0,10384080.0
2021-12-30,73540,ダイレクトマーケティングミックス,2,2,535.0651373066198,267.5325686533099,20548900.0,41097800.0
2021-12-30,74760,アズワン,2,2,3135.1303537027384,1567.5651768513692,20688135.0,41376270.0
2021-12-30,94410,ベルパーク,3,3,4189.169117428631,1396.3897058095436,6732600.0,20197800.0
2021-12-30,94680,ＫＡＤＯＫＡＷＡ,2,2,1921.3294126309772,960.6647063154886,70892060.0,141784120.0
2022-01-31,22170,モロゾフ,2,2,4411.829633824681,2205.9148169123405,3669226.0,7338452.0
2022-01-31,29830,アールプランナー,4,4,2734.0345604808413,683.5086401202103,1331000.0,5324000.0
2022-01-31,39880,ＳＹＳホールディングス,2,2,881.6506790915323,440.82533954576616,2584924.0,5169848.0
2022-01-31,60310,サイジニア,2,2,466.30320869575087,233.15160434787543,3171756.0,6343512.0
2022-01-31,77230,愛知時計電機,3,3,6647.081712062257,2215.693904020752,5140000.0,15420000.0
2022-01-31,85950,ジャフコ　グループ,3,3,8146.7185761957735,2715.5728587319245,26970000.0,80910000.0
2022-02-28,49790,ＯＡＴアグリオ,2,2,1647.7601156069363,823.8800578034682,5536000.0,11072000.0
2022-03-31,19750,朝日工業社,2,2,4927.35294117647,2463.676470588235,6800000.0,13600000.0
2022-03-31,23070,クロスキャット,2,2,429.27121602959954,214.63560801479977,9210960.0,18421920.0
2022-03-31,32930,アズマハウス,2,2,3985.415581516482,1992.707790758241,4031700.0,8063400.0
2022-03-31,38410,ジーダット,2,2,1563.4444956713282,781.7222478356641,1952100.0,3904200.0
2022-03-31,43710,コアコンセプト・テクノロジー,2,2,502.3696682464455,251.18483412322274,3903500.0,7807000.0
2022-03-31,60780,バリューＨＲ,2,2,397.2871137905049,198.64355689525246,13270000.0,26540000.0
2022-03-31,60880,シグマクシス・ホールディングス,2,2,416.16460009587854,208.08230004793927,23154300.0,46308600.0
2022-03-31,73450,アイ・パートナーズフィナンシャル,4,4,1083.3927298645758,270.84818246614395,841800.0,3367200.0
2022-03-31,91040,商船三井,3,3,9826.582517807488,3275.527505935829,120628611.0,361885833.0
2022-03-31,92680,オプティマスグループ,3,3,2442.106991186514,814.035663728838,5360535.0,16081605.0
2022-03-31,99270,ワットマン,2,2,2098.774336898142,1049.387168449071,1136854.0,2273708.0
2022-04-28,56980,エンビプロ・ホールディングス,2,2,949.2913767096862,474.6456883548431,15051227.0,30102454.0
2022-05-31,48280,ビジネスエンジニアリング,2,2,1245.8333333333333,622.9166666666666,6000000.0,12000000.0
2022-06-30,22160,カンロ,2,2,1578.6514198199432,789.3257099099716,7657802.0,15315604.0
2022-06-30,39400,ノムラシステムコーポレーション,2,2,111.58520817170934,55.79260408585467,23202000.0,46404000.0
2022-06-30,40200,ビートレンド,2,2,651.5920627595755,325.79603137978773,1083500.0,2167000.0
2022-06-30,52900,ベルテクスコーポレーション,3,3,2866.7232889355832,955.5744296451944,10184450.0,30553350.0
2022-06-30,64650,ホシザキ,2,2,3692.001604359661,1846.0008021798305,72427650.0,144855300.0
2022-06-30,70800,スポーツフィールド,2,2,574.3799812992564,287.1899906496282,898360.0,1796720.0
2022-06-30,73670,セルム,2,2,587.2608423126287,293.63042115631436,6700600.0,13401200.0
2022-06-30,77810,平山ホールディングス,2,2,932.7602255927285,466.38011279636424,3652600.0,7305200.0
2022-06-30,93680,キムラユニティー,2,2,2852.68085106383,1426.340425531915,11750000.0,23500000.0
2022-06-30,97440,メイテックグループホールディングス,3,3,1611.6370106761565,537.2123368920522,28100000.0,84300000.0
2022-07-29,18520,淺沼組,2,2,5282.208156854337,2641.1040784271686,8078629.0,16157258.0
2022-07-29,64050,鈴茂器工,2,2,2045.3703703703704,1022.6851851851852,6480000.0,12960000.0
2022-08-31,38560,Ａｂａｌａｎｃｅ,3,3,1438.2167620957407,479.4055873652469,5567311.0,16701933.0
2022-08-31,52850,ヤマックス,2,2,910.7081174438688,455.3540587219344,5790000.0,11580000.0
2022-08-31,65430,日宣,2,2,1448.7947334554274,724.3973667277137,2020300.0,4040600.0
2022-08-31,71990,プレミアグループ,3,3,777.3801996119445,259.1267332039815,13394990.0,40184970.0
2022-08-31,73520,ＴＷＯＳＴＯＮＥ＆Ｓｏｎｓ,2,2,68.7603572086172,34.3801786043086,10427520.0,20855040.0
2022-08-31,80930,極東貿易,2,2,3549.7677156638983,1774.8838578319492,6495918.0,12991836.0
2022-09-30,15150,日鉄鉱業,2,2,15364.355695705588,7682.177847852794,8352319.0,16704638.0
2022-09-30,21950,アミタホールディングス,3,3,283.045328298376,94.34844276612532,5847120.0,17541360.0
2022-09-30,34770,フォーライフ,2,2,1613.0,806.5,2000000.0,4000000.0
2022-09-30,36350,コーエーテクモホールディングス,2,2,720.7563732419045,360.37818662095225,168048462.0,336096924.0
2022-09-30,37720,ウェルス・マネジメント,2,2,1196.6868875408306,598.3434437704153,8572000.0,17144000.0
2022-09-30,37740,インターネットイニシアティブ,2,2,1139.8965946364349,569.9482973182174,93534800.0,187069600.0
2022-09-30,43230,日本システム技術,2,2,1488.4293221542769,744.2146610771384,6209230.0,12418460.0
2022-09-30,43710,コアコンセプト・テクノロジー,2,2,312.97614587236166,156.48807293618083,8007000.0,16014000.0
2022-09-30,44810,ベース,2,2,1053.1190050936032,526.5595025468016,9070200.0,18140400.0
2022-09-30,46800,ラウンドワン,3,3,615.8037358138382,205.26791193794608,95454114.0,286362342.0
2022-09-30,63680,オルガノ,4,4,6628.256869651875,1657.0642174129687,11589925.0,46359700.0
2022-09-30,70710,アンビスホールディングス,2,2,394.9135090609555,197.45675453047775,48560000.0,97120000.0
2022-09-30,72760,小糸製作所,2,2,3992.5508539006255,1996.2754269503127,160789436.0,321578872.0
2022-09-30,74190,ノジマ,2,2,2816.92496976386,1408.46248488193,51289616.0,102579232.0
2022-09-30,75700,橋本総業ホールディングス,2,2,2439.8569073141794,1219.9284536570897,10646526.0,21293052.0
2022-09-30,78030,ブシロード,2,2,475.29323496751584,237.64661748375792,34067390.0,68134780.0
2022-09-30,79740,任天堂,10,10,15674.3256666333,1567.43256666333,129869000.0,1298690000.0
2022-09-30,87660,東京海上ホールディングス,3,3,5666.992647058823,1888.9975490196077,680000000.0,2040000000.0
2022-09-30,91010,日本郵船,3,3,11930.515602654852,3976.838534218284,170055098.0,510165294.0
2022-09-30,91070,川崎汽船,3,3,13450.472009535295,4483.490669845098,94749463.0,284248389.0
2022-09-30,94360,沖縄セルラー電話,2,2,3737.122319824093,1868.5611599120466,26877900.0,53755800.0
2022-09-30,97800,ハリマビステム,2,2,7474.681775346018,3737.340887673009,962449.0,1924898.0
2022-10-31,24360,共同ピーアール,2,2,596.9436485195797,298.47182425978986,4363896.0,8727792.0
2022-10-31,34750,グッドコムアセット,2,2,705.0507967343082,352.5253983671541,15237200.0,30474400.0
2022-10-31,44170,グローバルセキュリティエキスパート,2,2,508.2657048391945,254.13285241959724,3327000.0,6654000.0
2022-10-31,70310,インバウンドテック,3,3,2815.5117026158787,938.5039008719596,871600.0,2614800.0
2022-10-31,76920,アースインフィニティ,3,3,154.2887029288703,51.42956764295676,3059200.0,9177600.0
2022-10-31,98240,泉州電業,2,2,4296.666666666667,2148.3333333333335,10500000.0,21000000.0
2022-11-30,29750,スター・マイカ・ホールディングス,2,2,1218.235294117647,609.1176470588235,17000000.0,34000000.0
2022-11-30,29910,ランドネット,2,2,2097.1056976313216,1048.5528488156608,2967900.0,5935800.0
2022-11-30,44120,サイエンスアーツ,2,2,169.8450536352801,84.92252681764005,3356000.0,6712000.0
2022-11-30,44910,コンピューターマネージメント,2,2,2628.9370078740158,1314.4685039370079,1016000.0,2032000.0
2022-11-30,49330,Ｉ−ｎｅ,2,2,1186.0036242495241,593.0018121247621,8741120.0,17482240.0
2022-11-30,59670,ＴＯＮＥ,5,5,3682.233415862717,736.4466831725433,2342600.0,11713000.0
2022-11-30,69600,フクダ電子,2,2,7920.10414539514,3960.05207269757,19588000.0,39176000.0
2022-11-30,92110,エフ・コード,2,2,342.4987940183309,171.24939700916545,2073000.0,4146000.0
2022-12-30,34450,ＲＳ　Ｔｅｃｈｎｏｌｏｇｉｅｓ,2,2,5488.8189293090245,2744.4094646545122,12928100.0,25856200.0
2022-12-30,34960,アズーム,2,2,589.2547660311958,294.6273830155979,3000400.0,6000800.0
2022-12-30,35660,ユニフォームネクスト,4,4,1041.2488260429902,260.31220651074756,2497962.0,9991848.0
2022-12-30,42510,恵和,2,2,1889.5565908386104,944.7782954193052,9628714.0,19257428.0
2022-12-30,45270,ロート製薬,2,2,1741.5062373847963,870.7531186923982,118089155.0,236178310.0
2022-12-30,53800,新東,2,2,7923.701607104638,3961.850803552319,415841.0,831682.0
2022-12-30,59690,ロブテックス,2,2,4538.0,2269.0,1000000.0,2000000.0
2022-12-30,62000,インソース,2,2,143.70681463580587,71.85340731790293,42621500.0,85243000.0
2022-12-30,70630,Ｂｉｒｄｍａｎ,2,2,220.20217851265573,110.10108925632787,2552200.0,5104400.0
2022-12-30,70960,ステムセル研究所,2,2,432.1433451095973,216.07167255479865,5123300.0,10246600.0
2022-12-30,78490,スターツ出版,2,2,3101.0416666666665,1550.5208333333333,1920000.0,3840000.0
2023-01-31,38480,データ・アプリケーション,2,2,1071.4863771243593,535.7431885621796,3707000.0,7414000.0
2023-01-31,40510,ＧＭＯフィナンシャルゲート,2,2,1130.720489284789,565.3602446423945,4130110.0,8260220.0
2023-01-31,43840,ラクスル,2,2,359.39880131628263,179.69940065814131,29081900.0,58163800.0
2023-01-31,71260,グローバルスタイル,2,2,870.7459066377675,435.37295331888373,1751372.0,3502744.0
2023-02-28,28720,セイヒョー,3,3,2764.400154791596,921.4667182638653,540081.0,1620243.0
2023-02-28,30930,トレジャー・ファクトリー,2,2,506.4053618393145,253.20268091965724,11787000.0,23574000.0
2023-02-28,30970,物語コーポレーション,3,3,2044.024508489262,681.3415028297541,12118250.0,36354750.0
2023-02-28,31810,買取王国,2,2,1276.4312924418925,638.2156462209463,1811300.0,3622600.0
2023-02-28,65210,オキサイド,2,2,1013.8686721656154,506.9343360828077,4946400.0,9892800.0
2023-02-28,99830,ファーストリテイリング,3,3,15251.289160807279,5083.763053602426,106073656.0,318220968.0
2023-03-31,18820,東亜道路工業,2,2,9662.792673518872,4831.396336759436,5220023.0,10440046.0
2023-03-31,22690,明治ホールディングス,2,2,5042.451447231405,2521.2257236157025,148369500.0,296739000.0
2023-03-31,27670,円谷フィールズホールディングス,2,2,1101.3832853025935,550.6916426512968,34700000.0,69400000.0
2023-03-31,33710,ソフトクリエイトホールディングス,2,2,1210.9496680940933,605.4748340470467,13775139.0,27550278.0
2023-03-31,34890,フェイスネットワーク,2,2,1213.4538152610442,606.7269076305221,4980000.0,9960000.0
2023-03-31,34950,香陵住販,2,2,3064.0255211810963,1532.0127605905482,1347900.0,2695800.0
2023-03-31,40630,信越化学工業,5,5,9944.567041506149,1988.9134083012298,410945593.0,2054727965.0
2023-03-31,42350,ウルトラファブリックス・ホールディングス,2,2,1571.7409907768374,785.8704953884187,8413600.0,16827200.0
2023-03-31,44980,サイバートラスト,2,2,1330.7767014468213,665.3883507234107,4015700.0,8031400.0
2023-03-31,46610,オリエンタルランド,5,5,2223.2275957094907,444.64551914189815,363690160.0,1818450800.0
2023-03-31,48260,ＣＩＪ,2,2,608.638353126655,304.3191765633275,22266096.0,44532192.0
2023-03-31,50360,日本ビジネスシステムズ,2,2,812.0099904065632,406.0049952032816,24183200.0,48366400.0
2023-03-31,59470,リンナイ,3,3,8151.007284792083,2717.0024282640275,50021057.0,150063171.0
2023-03-31,61460,ディスコ,3,3,8945.664176386581,2981.888058795527,36103971.0,108311913.0
2023-03-31,63830,ダイフク,3,3,2601.0409898099974,867.0136632699991,126610077.0,379830231.0
2023-03-31,66260,ＳＥＭＩＴＥＣ,4,4,6404.024059938795,1601.0060149846988,2842900.0,11371600.0
2023-03-31,69540,ファナック,5,5,7897.997932211149,1579.5995864422298,201909397.0,1009546985.0
2023-03-31,70800,スポーツフィールド,2,2,431.3968408477501,215.69842042387506,1808080.0,3616160.0
2023-03-31,71330,ＨＹＵＧＡ　ＰＲＩＭＡＲＹ　ＣＡＲＥ,2,2,380.77106139933363,190.38553069966682,3571700.0,7143400.0
2023-03-31,71340,アップガレージグループ,3,3,1303.867403314917,434.62246777163904,2624500.0,7873500.0
2023-03-31,74580,第一興商,2,2,1977.8310453062254,988.9155226531127,54734200.0,109468400.0
2023-03-31,76920,アースインフィニティ,4,4,21.710468967921898,5.4276172419804745,36710400.0,146841600.0
2023-03-31,77940,イーディーピー,5,5,1808.932246017834,361.7864492035668,2624200.0,13121000.0
2023-03-31,78320,バンダイナムコホールディングス,3,3,2887.7072072072074,962.5690690690691,222000000.0,666000000.0
2023-03-31,78390,ＳＨＯＥＩ,2,2,804.8223660414782,402.4111830207391,26856858.0,53713716.0
2023-03-31,80350,東京エレクトロン,3,3,9124.035926488588,3041.3453088295296,157210911.0,471632733.0
2023-03-31,92210,フルハシＥＰＯ,2,2,612.4213362285623,306.21066811428113,4973700.0,9947400.0
2023-03-31,92290,サンウェルズ,3,3,432.8790459965928,144.29301533219763,11740000.0,35220000.0
2023-03-31,93380,ＩＮＦＯＲＩＣＨ,5,5,1319.7084402854946,263.94168805709893,1846620.0,9233100.0
2023-03-31,97330,ナガセ,3,3,2527.0956265164323,842.3652088388108,10148409.0,30445227.0
2023-03-31,99270,ワットマン,4,4,1211.6771370818064,302.9192842704516,2273708.0,9094832.0
2023-04-28,58200,三ッ星,3,3,4767.67549174795,1589.2251639159833,1266655.0,3799965.0
2023-04-28,76920,アースインフィニティ,3,12,21.710468967921898,7.236822989307299,36710400.0,110131200.0
2023-05-31,24970,ユナイテッド,2,2,1318.7441865414057,659.3720932707029,20206345.0,40412690.0
2023-05-31,39920,ニーズウェル,2,2,367.693336480214,183.846668240107,10168800.0,20337600.0
2023-05-31,73590,東京通信グループ,2,2,163.37520624348372,81.68760312174186,4939550.0,9879100.0
2023-05-31,92720,ブティックス,2,2,364.94626195819063,182.47313097909532,5080200.0,10160400.0
2023-06-30,23310,綜合警備保障,5,5,3370.1769742509514,674.0353948501903,102040042.0,510200210.0
2023-06-30,25730,北海道コカ・コーラボトリング,2,2,5784.540207095887,2892.2701035479436,6803998.0,13607996.0
2023-06-30,40110,ヘッドウォータース,2,2,977.35526596881,488.677632984405,936200.0,1872400.0
2023-06-30,44370,ｇｏｏｄｄａｙｓホールディングス,2,2,718.8773630865386,359.4386815432693,3366360.0,6732720.0
2023-06-30,53840,フジミインコーポレーテッド,3,3,2584.730051124553,861.5766837081843,26699500.0,80098500.0
2023-06-30,71350,ジャパンクラフトホールディングス,2,2,435.51699447374705,217.75849723687352,15250840.0,30501680.0
2023-06-30,73170,松屋アールアンドディ,4,4,714.7184671892157,178.67961679730394,5281800.0,21127200.0
2023-06-30,73880,ＦＰパートナー,2,2,832.2608695652174,416.1304347826087,11500000.0,23000000.0
2023-06-30,78090,壽屋,3,3,2108.472400513479,702.8241335044929,2804400.0,8413200.0
2023-06-30,90590,カンダホールディングス,2,2,1890.5371037105426,945.2685518552713,11654360.0,23308720.0
2023-06-30,94320,日本電信電話,25,25,2581.6108026321594,103.26443210528639,3622012656.0,90550316400.0
2023-06-30,95600,プログリット,3,3,224.54190975759633,74.84730325253211,3838927.0,11516781.0
2023-07-31,17580,太洋基礎工業,3,3,10192.776964372864,3397.5923214576214,819600.0,2458800.0
2023-07-31,50320,ＡＮＹＣＯＬＯＲ,2,2,429.09641351067893,214.54820675533946,30897485.0,61794970.0
2023-07-31,60370,ファーストロジック,2,2,396.4742832055655,198.23714160278274,11844400.0,23688800.0
2023-07-31,70660,ピアズ,2,2,450.9758511063857,225.48792555319284,4749700.0,9499400.0
2023-07-31,76820,浜木綿,2,2,1408.8167053364268,704.4083526682134,1077500.0,2155000.0
2023-07-31,76830,ダブルエー,2,2,1840.2615992309857,920.1307996154928,4764540.0,9529080.0
2023-07-31,92790,ギフトホールディングス,2,2,601.1657099491271,300.58285497456353,9972292.0,19944584.0
2023-07-31,95520,Ｍ＆Ａ総研ホールディングス,3,3,93.11787141077424,31.03929047025808,57668844.0,173006532.0
2023-08-31,26700,エービーシー・マート,3,3,3792.89244831508,1264.2974827716932,82539646.0,247618938.0
2023-08-31,27260,パルグループホールディングス,2,2,1209.0465076071923,604.5232538035962,46272000.0,92544000.0
2023-08-31,33990,丸千代山岡家,2,2,1020.6435702637126,510.3217851318563,2514100.0,5028200.0
2023-09-29,19800,ダイダン,2,2,3615.5842808651905,1807.7921404325953,22981901.0,45963802.0
2023-09-29,21810,パーソルホールディングス,10,10,813.7183237857934,81.37183237857933,233199861.0,2331998610.0
2023-09-29,22220,寿スピリッツ,5,5,849.026654225115,169.805330845023,31121520.0,155607600.0
2023-09-29,22670,ヤクルト本社,2,2,3319.498450405728,1659.749225202864,171045418.0,342090836.0
2023-09-29,27600,東京エレクトロン　デバイス,3,3,3785.553587669331,1261.851195889777,10445500.0,31336500.0
2023-09-29,28130,和弘食品,3,3,6504.662816187182,2168.220938729061,949319.0,2847957.0
2023-09-29,30880,マツキヨココカラ＆カンパニー,3,3,3431.6170526691144,1143.8723508897049,142966710.0,428900130.0
2023-09-29,34310,宮地エンジニアリンググループ,2,2,6099.758738189458,3049.879369094729,6919454.0,13838908.0
2023-09-29,44420,バルテス・ホールディングス,3,3,344.05594405594405,114.68531468531468,7150000.0,21450000.0
2023-09-29,51890,櫻護謨,2,2,7637.351778656126,3818.675889328063,1012000.0,2024000.0
2023-09-29,53510,品川リフラクトリーズ,5,5,8359.946999618001,1671.9893999236003,9429366.0,47146830.0
2023-09-29,59450,天龍製鋸,2,2,5789.748748478825,2894.8743742394126,5573817.0,11147634.0
2023-09-29,65900,芝浦メカトロニクス,3,3,6951.02312498658,2317.00770832886,4657300.0,13971900.0
2023-09-29,68570,アドバンテスト,4,4,2002.811233332758,500.7028083331895,191542265.0,766169060.0
2023-09-29,69020,デンソー,4,4,6400.302449555261,1600.0756123888152,787944951.0,3151779804.0
2023-09-29,69630,ローム,4,4,9285.291262135923,2321.3228155339807,103000000.0,412000000.0
2023-09-29,69810,村田製作所,3,3,3583.6354277929204,1194.5451425976403,675814281.0,2027442843.0
2023-09-29,70590,コプロ・ホールディングス,2,2,694.4,347.2,10000000.0,20000000.0
2023-09-29,72670,本田技研工業,3,3,6788.061176670391,2262.6870588901306,1811428430.0,5434285290.0
2023-09-29,77350,ＳＣＲＥＥＮホールディングス,2,2,5888.469122056548,2944.234561028274,50794866.0,101589732.0
2023-09-29,80070,高島,4,4,4407.478002352297,1101.8695005880743,4466273.0,17865092.0
2023-09-29,80590,第一実業,3,3,5849.148506277962,1949.7161687593207,11086400.0,33259200.0
2023-09-29,90220,東海旅客鉄道,5,5,18940.820388349515,3788.164077669903,206000000.0,1030000000.0
2023-09-29,90390,サカイ引越センター,2,2,4022.493148095643,2011.2465740478215,21162000.0,42324000.0
2023-09-29,95530,マイクロアド,3,3,403.1886664181232,134.3962221393744,9119800.0,27359400.0
2023-09-29,96280,燦ホールディングス,2,2,2697.094017094017,1348.5470085470085,11700000.0,23400000.0
2023-09-29,97080,帝国ホテル,2,2,681.7340067340067,340.86700336700335,59400000.0,118800000.0
2023-10-31,31800,ビューティガレージ,2,2,1000.4705144291091,500.23525721455457,6376000.0,12752000.0
2023-10-31,34800,ジェイ・エス・ビー,2,2,2874.3567792475583,1437.1783896237791,10863300.0,21726600.0
2023-10-31,39240,ランドコンピュータ,2,2,539.2950762192577,269.64753810962884,8983950.0,17967900.0
2023-10-31,44130,ボードルア,2,2,526.8071149236786,263.4035574618393,7927000.0,15854000.0
2023-10-31,50280,セカンドサイトアナリティカ,3,3,324.2340285952102,108.07800953173673,2778857.0,8336571.0
2023-10-31,51390,オープンワーク,4,4,1038.7995092522485,259.69987731306213,5322490.0,21289960.0
2023-10-31,65350,アイモバイル,3,3,690.7431295123498,230.24770983744992,20382396.0,61147188.0
2023-10-31,65730,アジャイルメディア・ネットワーク,3,3,13.445217186302823,4.481739062100941,5429440.0,16288320.0
2023-10-31,78780,光・彩,2,2,3308.080808080808,1654.040404040404,396000.0,792000.0
2023-10-31,79010,マツモト,3,3,3679.5174403356937,1226.5058134452313,381300.0,1143900.0
2023-10-31,98280,元気寿司,2,2,1344.9424445237978,672.4712222618989,8882908.0,17765816.0
2023-11-30,22640,森永乳業,2,2,5867.321298125086,2933.660649062543,47845343.0,95690686.0
2023-11-30,35490,クスリのアオキホールディングス,3,3,3265.608628034007,1088.5362093446688,31532560.0,94597680.0
2023-11-30,44150,ブロードエンタープライズ,2,2,246.5331278890601,123.26656394453005,2920500.0,5841000.0
2023-11-30,70880,フォーラムエンジニアリング,2,2,439.2428190613113,219.62140953065565,26709600.0,53419200.0
2023-11-30,78680,広済堂ホールディングス,5,5,1377.6886308456214,275.5377261691243,28636369.0,143181845.0
2023-12-29,21240,ジェイエイシーリクルートメント,4,4,391.1155781808342,97.77889454520854,41389300.0,165557200.0
2023-12-29,22010,森永製菓,2,2,2747.1813159898634,1373.5906579949317,46959769.0,93919538.0
2023-12-29,27330,あらた,2,2,5949.731739017186,2974.865869508593,18028712.0,36057424.0
2023-12-29,28970,日清食品ホールディングス,3,3,5088.638606281262,1696.2128687604206,102861500.0,308584500.0
2023-12-29,40230,クレハ,3,3,11330.621686912851,3776.8738956376174,19525407.0,58576221.0
2023-12-29,40930,東邦アセチレン,5,5,2651.342090234152,530.2684180468303,7004000.0,35020000.0
2023-12-29,41860,東京応化工業,3,3,4426.0093896713615,1475.3364632237872,42600000.0,127800000.0
2023-12-29,44920,ゼネテック,3,3,503.2287941547248,167.74293138490827,3886900.0,11660700.0
2023-12-29,47460,東計電算,2,2,3489.946524064171,1744.9732620320856,9350000.0,18700000.0
2023-12-29,49560,コニシ,2,2,1979.7118168079348,989.8559084039674,40707440.0,81414880.0
2023-12-29,50190,出光興産,5,5,5979.399010258073,1195.8798020516147,297864718.0,1489323590.0
2023-12-29,50380,ｅＷｅＬＬ,2,2,213.9446802571682,106.9723401285841,7179426.0,14358852.0
2023-12-29,53040,ＳＥＣカーボン,5,5,16417.04929947029,3283.409859894058,4138868.0,20694340.0
2023-12-29,54710,大同特殊鋼,5,5,9869.485600386055,1973.897120077211,43448769.0,217243845.0
2023-12-29,60310,サイジニア,2,2,107.12923977650807,53.564619888254036,6394146.0,12788292.0
2023-12-29,65260,ソシオネクスト,5,5,3477.9659190830002,695.5931838166,35566766.0,177833830.0
2023-12-29,65920,マブチモーター,2,2,4604.244935048803,2302.1224675244016,67076362.0,134152724.0
2023-12-29,69710,京セラ,4,4,8561.469618364647,2140.3674045911616,377618580.0,1510474320.0
2023-12-29,69980,日本タングステン,2,2,4557.445223760164,2278.722611880082,2577760.0,5155520.0
2023-12-29,72720,ヤマハ発動機,3,3,3432.821356109003,1144.2737853696676,350217467.0,1050652401.0
2023-12-29,80580,三菱商事,3,3,6863.765926205278,2287.9219754017595,1437493951.0,4312481853.0
2023-12-29,80910,ニチモウ,2,2,5999.245182488234,2999.622591244117,4504400.0,9008800.0
2023-12-29,83090,三井住友トラスト・ホールディングス,2,2,8172.373148016086,4086.186574008043,364025840.0,728051680.0
2023-12-29,84390,東京センチュリー,4,4,8066.679281648323,2016.6698204120808,123028320.0,492113280.0
2023-12-29,90340,南総通運,2,2,4198.4,2099.2,5000000.0,10000000.0
2024-01-31,25900,ダイドーグループホールディングス,2,2,5462.353260705556,2731.176630352778,16568500.0,33137000.0
2024-01-31,34940,マリオン,5,5,2498.4396454874545,499.68792909749095,1602200.0,8011000.0
2024-01-31,96320,スバル興業,5,5,12371.149511645379,2474.2299023290757,2662000.0,13310000.0
2024-01-31,97880,ナック,2,2,936.2952792645907,468.14763963229535,23306750.0,46613500.0
2024-02-29,23380,クオンタムソリューションズ,3,3,47.46662047499503,15.822206824998343,14536531.0,43609593.0
2024-02-29,33820,セブン＆アイ・ホールディングス,3,3,4553.650523567316,1517.883507855772,886441983.0,2659325949.0
2024-02-29,39680,セグエグループ,3,3,342.4683538849895,114.15611796166317,11720791.0,35162373.0
2024-02-29,64170,ＳＡＮＫＹＯ,5,5,4305.363935946372,861.0727871892744,62116700.0,310583500.0
2024-02-29,71870,ジェイリース,2,2,452.0538750671201,226.02693753356004,8939200.0,17878400.0
2024-02-29,73520,ＴＷＯＳＴＯＮＥ＆Ｓｏｎｓ,2,2,43.02852176299719,21.514260881498593,20986080.0,41972160.0
2024-02-29,76300,壱番屋,5,5,977.3225584163378,195.46451168326755,31926000.0,159630000.0
2024-02-29,76490,スギホールディングス,3,3,3595.262705982195,1198.420901994065,63330838.0,189992514.0
2024-02-29,82270,しまむら,2,2,12572.189768245857,6286.094884122928,36913299.0,73826598.0
2024-03-29,18820,東亜道路工業,5,5,5122.295438161863,1024.4590876323725,10440046.0,52200230.0
2024-03-29,18850,東亜建設工業,4,4,4066.3484603369097,1016.5871150842274,22494629.0,89978516.0
2024-03-29,19480,弘電社,5,5,10290.41248606466,2058.082497212932,1794000.0,8970000.0
2024-03-29,19510,エクシオグループ,2,2,2908.8658688649302,1454.4329344324651,106812419.0,213624838.0
2024-03-29,19750,朝日工業社,2,2,2698.1617647058824,1349.0808823529412,13600000.0,27200000.0
2024-03-29,21730,博展,2,2,327.7403284350089,163.87016421750445,8061260.0,16122520.0
2024-03-29,22210,岩塚製菓,2,2,10678.565471226022,5339.282735613011,5995000.0,11990000.0
2024-03-29,22260,湖池屋,2,2,3167.9475164011246,1583.9737582005623,5335000.0,10670000.0
2024-03-29,28010,キッコーマン,5,5,2376.3946295873534,475.27892591747064,193883202.0,969416010.0
2024-03-29,34430,川田テクノロジーズ,3,3,13422.855085958796,4474.285028652932,5917370.0,17752110.0
2024-03-29,37710,システムリサーチ,2,2,1199.5215311004786,599.7607655502393,8360000.0,16720000.0
2024-03-29,41140,日本触媒,4,4,9755.538461538461,2438.8846153846152,39000000.0,156000000.0
2024-03-29,42030,住友ベークライト,2,2,5986.649282328638,2993.324641164319,46878978.0,93757956.0
2024-03-29,43230,日本システム技術,2,2,934.656954243924,467.328477121962,12418460.0,24836920.0
2024-03-29,44030,日油,3,3,3189.1960869147006,1063.0653623049002,80841376.0,242524128.0
2024-03-29,44140,フレクト,2,2,635.4973515398334,317.7486757699167,3005520.0,6011040.0
2024-03-29,45430,テルモ,2,2,1626.3734070879868,813.1867035439934,747682540.0,1495365080.0
2024-03-29,46870,ＴＤＣソフト,2,2,717.4200433231397,358.71002166156984,25113600.0,50227200.0
2024-03-29,47320,ユー・エス・エス,2,2,740.9377431906614,370.4688715953307,257000000.0,514000000.0
2024-03-29,47680,大塚商会,2,2,1826.0322569032387,913.0161284516194,190002120.0,380004240.0
2024-03-29,48160,東映アニメーション,5,5,2983.5238095238096,596.7047619047619,42000000.0,210000000.0
2024-03-29,49010,富士フイルムホールディングス,3,3,7174.586136632602,2391.528712210867,414625728.0,1243877184.0
2024-03-29,53310,ノリタケカンパニーリミテド,2,2,9246.270712583548,4623.135356291774,14842849.0,29685698.0
2024-03-29,53520,黒崎播磨,4,4,9511.957174304584,2377.989293576146,9114528.0,36458112.0
2024-03-29,56590,日本精線,5,5,6149.011088690009,1229.802217738002,6253038.0,31265190.0
2024-03-29,58920,ｙｕｔｏｒｉ,3,3,390.24078686849333,130.08026228949777,1565700.0,4697100.0
2024-03-29,62280,ジェイ・イー・ティ,3,3,2764.1425389755013,921.380846325167,4490000.0,13470000.0
2024-03-29,62540,野村マイクロ・サイエンス,4,4,2601.2608353033884,650.3152088258471,10152000.0,40608000.0
2024-03-29,65240,湖北工業,3,3,2228.777777777778,742.925925925926,9000000.0,27000000.0
2024-03-29,67020,富士通,10,10,8506.087645965617,850.6087645965619,207110845.0,2071108450.0
2024-03-29,68690,シスメックス,3,3,1940.0267624881901,646.6755874960634,209753292.0,629259876.0
2024-03-29,70110,三菱重工業,10,10,6012.269549855591,601.2269549855591,337364781.0,3373647810.0
2024-03-29,70800,スポーツフィールド,2,2,377.2980138206789,188.64900691033944,3681440.0,7362880.0
2024-03-29,72690,スズキ,4,4,5813.066811416387,1453.2667028540968,491146600.0,1964586400.0
2024-03-29,72990,フジオーゼックス,5,5,14143.34006177193,2828.668012354386,2055950.0,10279750.0
2024-03-29,74170,南陽,2,2,3638.6614200605586,1819.3307100302793,6615070.0,13230140.0
2024-03-29,74640,セフテック,4,4,13920.0,3480.0,500000.0,2000000.0
2024-03-29,74760,アズワン,2,2,1616.0384265971004,808.0192132985502,40276270.0,80552540.0
2024-03-29,76870,ミクリード,3,3,527.7525022747952,175.91750075826508,2198000.0,6594000.0
2024-03-29,77340,理研計器,2,2,2964.7521237479395,1482.3760618739698,23661000.0,47322000.0
2024-03-29,80520,椿本興業,3,3,5813.816594077319,1937.9388646924394,6497969.0,19493907.0
2024-03-29,81360,サンリオ,3,3,811.9120301009877,270.63734336699594,89089701.0,267269103.0
2024-03-29,82550,アクシアル　リテイリング,4,4,3518.2086022688777,879.5521505672194,23388039.0,93552156.0
2024-03-29,84250,みずほリース,5,5,6567.014937556118,1313.4029875112235,49004000.0,245020000.0
2024-03-29,86300,ＳＯＭＰＯホールディングス,3,3,7813.325710620867,2604.441903540289,330160689.0,990482067.0
2024-03-29,87250,ＭＳ＆ＡＤインシュアランスグループホールディングス,3,3,7298.7684103274305,2432.922803442477,536071400.0,1608214200.0
2024-03-29,88010,三井不動産,3,3,3411.349521768582,1137.116507256194,936877907.0,2810633721.0
2024-03-29,90200,東日本旅客鉄道,3,3,7071.428647027881,2357.142882342627,377932400.0,1133797200.0
2024-03-29,90210,西日本旅客鉄道,2,2,5029.442429885706,2514.721214942853,244001600.0,488003200.0
2024-03-29,91070,川崎汽船,3,3,6465.558319818998,2155.1861066063325,238242689.0,714728067.0
2024-03-29,92110,エフ・コード,2,2,630.3453245595737,315.17266227978683,5273300.0,10546600.0
2024-03-29,92230,ＡＳＮＯＶＡ,2,2,473.8551582197067,236.92757910985335,6219200.0,12438400.0
2024-03-29,92380,バリュークリエーション,2,2,374.6606334841629,187.33031674208144,1105000.0,2210000.0
2024-03-29,92680,オプティマスグループ,4,4,1266.2132258611316,316.5533064652829,16193955.0,64775820.0
2024-03-29,95640,ＦＣＥ,3,3,580.2670765683544,193.4223588561181,3122700.0,9368100.0
2024-03-29,96050,東映,5,5,20531.23896964901,4106.247793929802,14768909.0,73844545.0
2024-03-29,96160,共立メンテナンス,2,2,2082.8245556876373,1041.4122778438186,39219818.0,78439636.0
2024-03-29,96970,カプコン,2,2,689.4601244492316,344.7300622246158,266505623.0,533011246.0
2024-03-29,97800,ハリマビステム,5,5,4314.514327512419,862.9028655024838,1924898.0,9624490.0
2024-03-29,99600,東テク,3,3,3576.780097226194,1192.2600324087314,13988000.0,41964000.0
2024-04-30,26520,まんだらけ,5,5,1380.597014925373,276.1194029850746,7236000.0,36180000.0
2024-04-30,33990,丸千代山岡家,2,2,768.8636092438646,384.4318046219323,5028200.0,10056400.0
2024-04-30,51320,ｐｌｕｓｚｅｒｏ,3,3,377.44602718397744,125.81534239465914,2543410.0,7630230.0
2024-04-30,55880,ファーストアカウンティング,2,2,167.21647139119554,83.60823569559777,5274600.0,10549200.0
2024-05-31,18070,佐藤渡辺,2,2,6615.139093156429,3307.5695465782146,3195700.0,6391400.0
2024-05-31,37910,ＩＧポート,4,4,1371.602642718677,342.9006606796693,5055400.0,20221600.0
2024-05-31,39920,ニーズウェル,2,2,202.65754609427213,101.32877304713607,20349600.0,40699200.0
2024-05-31,41980,テンダ,3,3,1107.0414797179747,369.01382657265816,2184200.0,6552600.0
2024-05-31,70950,Ｍａｃｂｅｅ　Ｐｌａｎｅｔ,4,4,2692.4571892755916,673.1142973188979,3663568.0,14654272.0
2024-05-31,91660,ＧＥＮＤＡ,2,2,573.3512942973939,286.67564714869695,34296600.0,68593200.0
2024-06-28,23270,日鉄ソリューションズ,2,2,2675.1948066141354,1337.5974033070677,91501000.0,183002000.0
2024-06-28,23290,東北新社,3,3,1763.526500099475,587.842166699825,46735334.0,140206002.0
2024-06-28,40130,勤次郎,2,2,856.0460652591171,428.02303262955854,10420000.0,20840000.0
2024-06-28,45950,ミズホメディー,2,2,1607.562778197699,803.7813890988494,9525600.0,19051200.0
2024-06-28,46740,クレスコ,2,2,1258.2272727272727,629.1136363636364,22000000.0,44000000.0
2024-06-28,49350,リベルタ,2,2,481.7542684968196,240.8771342484098,2987000.0,5974000.0
2024-06-28,55350,ミガロホールディングス,2,2,1424.911420005451,712.4557100027255,7338000.0,14676000.0
2024-06-28,63610,荏原製作所,5,5,4699.661178253991,939.9322356507982,92365382.0,461826910.0
2024-06-28,65010,日立製作所,5,5,6319.894320497473,1263.9788640994948,927167877.0,4635839385.0
2024-06-28,68490,日本光電工業,2,2,2052.3630135356084,1026.1815067678042,88230980.0,176461960.0
2024-06-28,74250,初穂商事,2,2,5621.347675440865,2810.6738377204324,1740330.0,3480660.0
2024-06-28,77400,タムロン,2,2,3041.4957264957266,1520.7478632478633,23400000.0,46800000.0
2024-06-28,78210,前田工繊,2,2,1705.7074857087364,852.8537428543682,32972242.0,65944484.0
2024-06-28,78260,フルヤ金属,3,3,6845.746035902208,2281.915345300736,8463212.0,25389636.0
2024-06-28,79360,アシックス,4,4,1182.8848094348318,295.72120235870796,189870559.0,759482236.0
2024-06-28,80150,豊田通商,3,3,7400.259228670713,2466.753076223571,354056516.0,1062169548.0
2024-06-28,80310,三井物産,2,2,5133.455738367176,2566.727869183588,1513589168.0,3027178336.0
2024-06-28,89140,エリアリンク,2,2,1928.150283210596,964.075141605298,12940900.0,25881800.0
2024-06-28,92670,Ｇｅｎｋｙ　ＤｒｕｇＳｔｏｒｅｓ,2,2,2891.753567522404,1445.876783761202,15491984.0,30983968.0
2024-07-31,18520,淺沼組,5,5,3014.4347512430636,602.8869502486127,16157258.0,80786290.0
2024-07-31,39880,ＳＹＳホールディングス,2,2,611.0590854006897,305.52954270034485,5258084.0,10516168.0
2024-07-31,44500,パワーソリューションズ,2,2,2026.3636173724121,1013.1818086862061,1436070.0,2872140.0
2024-07-31,52480,テクノロジーズ,6,6,1120.7630123386753,186.79383538977922,2820400.0,16922400.0
2024-07-31,69660,三井ハイテック,5,5,2607.8078408305296,521.5615681661059,39466865.0,197334325.0
2024-08-30,26590,サンエー,2,2,4544.949426317976,2272.474713158988,31981654.0,63963308.0
2024-08-30,33490,コスモス薬品,2,2,5785.934281314374,2892.967140657187,40000800.0,80001600.0
2024-08-30,44390,東名,2,2,925.3070263740689,462.65351318703443,7450500.0,14901000.0
2024-08-30,60310,サイジニア,2,2,87.01710942836596,43.50855471418298,12871032.0,25742064.0
2024-08-30,63230,ローツェ,10,10,6151.643990929705,615.1643990929705,17640000.0,176400000.0
2024-08-30,76830,ダブルエー,2,2,1035.721479889881,517.8607399449405,9531520.0,19063040.0
2024-08-30,82330,高島屋,2,2,3005.9280362562577,1502.9640181281288,163827608.0,327655216.0
2024-09-30,142A0,ジンジブ,2,2,353.3471359558316,176.6735679779158,1449000.0,2898000.0
2024-09-30,16620,石油資源開発,5,5,9897.131635690528,1979.4263271381058,54300076.0,271500380.0
2024-09-30,19390,四電工,3,3,3786.909883257759,1262.303294419253,16255470.0,48766410.0
2024-09-30,19460,トーエネック,5,5,6755.254400028143,1351.0508800056286,19329990.0,96649950.0
2024-09-30,25020,アサヒグループホールディングス,3,3,5592.420509432441,1864.1401698108134,507003362.0,1521010086.0
2024-09-30,25850,ライフドリンク　カンパニー,4,4,905.1717701277234,226.29294253193086,13058295.0,52233180.0
2024-09-30,27530,あみやき亭,3,3,3063.0183389790914,1021.0061129930305,6848800.0,20546400.0
2024-09-30,31320,マクニカホールディングス,3,3,4363.151868741248,1454.3839562470828,60857382.0,182572146.0
2024-09-30,33580,ワイエスフード,5,5,246.49148513561917,49.29829702712383,6142200.0,30711000.0
2024-09-30,34310,宮地エンジニアリンググループ,2,2,3283.9296279735368,1641.9648139867684,13838908.0,27677816.0
2024-09-30,39430,大石産業,2,2,3860.6346483704974,1930.3173241852487,4664000.0,9328000.0
2024-09-30,40410,日本曹達,2,2,6774.843313874789,3387.4216569373943,28393867.0,56787734.0
2024-09-30,40460,大阪ソーダ,5,5,4205.518797926846,841.1037595853691,26732017.0,133660085.0
2024-09-30,45070,塩野義製薬,3,3,4353.2585958177915,1451.0861986059306,296544065.0,889632195.0
2024-09-30,46840,オービック,5,5,4051.877510040161,810.3755020080321,99600000.0,498000000.0
2024-09-30,48870,サワイグループホールディングス,3,3,4883.029579092133,1627.6765263640443,43803339.0,131410017.0
2024-09-30,49800,デクセリアルズ,3,3,1483.4540689737637,494.4846896579212,60214200.0,180642600.0
2024-09-30,59230,高田機工,3,3,9260.42619144024,3086.8087304800797,2237586.0,6712758.0
2024-09-30,60160,ジャパンエンジンコーポレーション,3,3,4021.785714285714,1340.595238095238,2800000.0,8400000.0
2024-09-30,61030,オークマ,2,2,7124.66013338289,3562.330066691445,33755154.0,67510308.0
2024-09-30,62300,ＳＡＮＥＩ,2,2,6068.152031454783,3034.0760157273917,2289000.0,4578000.0
2024-09-30,63150,ＴＯＷＡ,3,3,2382.856847147695,794.2856157158984,25043888.0,75131664.0
2024-09-30,63580,酒井重工業,2,2,6732.811275967219,3366.4056379836097,4407817.0,8815634.0
2024-09-30,63710,椿本チエイン,3,3,7149.138113554688,2383.0460378515627,37081393.0,111244179.0
2024-09-30,65570,ＡＩＡＩグループ,2,2,628.5125965475041,314.25629827375207,3099381.0,6198762.0
2024-09-30,65940,ニデック,2,2,3023.298604517735,1511.6493022588675,596284468.0,1192568936.0
2024-09-30,67370,ＥＩＺＯ,2,2,6104.181944901907,3052.0909724509534,21981160.0,43962320.0
2024-09-30,67580,ソニーグループ,5,5,6526.374463279384,1305.2748926558768,1248619589.0,6243097945.0
2024-09-30,67620,ＴＤＫ,5,5,4816.414532881829,963.2829065763657,388771977.0,1943859885.0
2024-09-30,68450,アズビル,4,4,1602.8825583684968,400.7206395921242,141508184.0,566032736.0
2024-09-30,69460,日本アビオニクス,5,5,4289.938269506186,857.9876539012372,3352962.0,16764810.0
2024-09-30,69650,浜松ホトニクス,2,2,2046.3307810331687,1023.1653905165844,165083770.0,330167540.0
2024-09-30,69880,日東電工,5,5,7123.271620506712,1424.6543241013424,143551735.0,717758675.0
2024-09-30,72590,アイシン,3,3,8083.929613025328,2694.643204341776,294674634.0,884023902.0
2024-09-30,73270,第四北越フィナンシャルグループ,2,2,10662.238742991367,5331.1193714956835,45942978.0,91885956.0
2024-09-30,73670,セルム,2,2,224.0228050877655,112.01140254388275,12909400.0,25818800.0
2024-09-30,75390,アイナボホールディングス,2,2,2116.189982331458,1058.094991165729,11647820.0,23295640.0
2024-09-30,76860,カクヤスグループ,3,3,431.2236112260949,143.74120374203162,9663200.0,28989600.0
2024-09-30,76980,アイスコ,2,2,1825.7857601026299,912.8928800513149,1948750.0,3897500.0
2024-09-30,79120,大日本印刷,2,2,4505.541917048394,2252.770958524197,277240346.0,554480692.0
2024-09-30,79490,小松ウオール工業,2,2,3446.4067561568854,1723.2033780784427,10903240.0,21806480.0
2024-09-30,79510,ヤマハ,3,3,2911.1767955801106,970.3922651933701,181000000.0,543000000.0
2024-09-30,79790,松風,2,2,2350.496859605426,1175.248429802713,17894089.0,35788178.0
2024-09-30,80320,日本紙パルプ商事,10,10,9473.056410752792,947.3056410752791,15021551.0,150215510.0
2024-09-30,80880,岩谷産業,4,4,6538.067259683893,1634.5168149209733,58561649.0,234246596.0
2024-09-30,81190,三栄コーポレーション,4,4,4889.645139380152,1222.411284845038,2552946.0,10211784.0
2024-09-30,81540,加賀電子,2,2,5510.464419385356,2755.232209692678,28702118.0,57404236.0
2024-09-30,83160,三井住友フィナンシャルグループ,3,3,11454.569152515294,3818.189717505098,1317397084.0,3952191252.0
2024-09-30,86970,日本取引所グループ,2,2,618.1326562147085,309.06632810735425,522289183.0,1044578366.0
2024-09-30,90370,ハマキョウレックス,4,4,5071.901956658952,1267.975489164738,19012000.0,76048000.0
2024-09-30,90720,ニッコンホールディングス,2,2,3898.2198135316235,1949.1099067658117,63239892.0,126479784.0
2024-09-30,90870,タカセ,2,2,6793.657356523817,3396.8286782619084,1054513.0,2109026.0
2024-09-30,94340,ソフトバンク,10,10,821.7236806420666,82.17236806420665,4760899670.0,47608996700.0
2024-09-30,95340,北海道瓦斯,5,5,4612.746356567436,922.5492713134871,17737806.0,88689030.0
2024-09-30,96390,三協フロンテア,2,2,3895.48225784354,1947.74112892177,11678400.0,23356800.0
2024-09-30,97350,セコム,2,2,5929.359643354837,2964.6798216774187,233299898.0,466599796.0
2024-09-30,97990,旭情報サービス,2,2,1321.016110395228,660.508055197614,8264850.0,16529700.0
2024-09-30,99320,杉本商事,2,2,3137.6661437954135,1568.8330718977068,11399237.0,22798474.0
2024-09-30,99360,王将フードサービス,3,3,2956.425320887065,985.475106962355,23286230.0,69858690.0
2024-10-31,29910,ランドネット,2,2,1485.5412008835933,742.7706004417967,5975600.0,11951200.0
2024-10-31,78780,光・彩,2,2,1827.020202020202,913.510101010101,792000.0,1584000.0
2024-10-31,93010,三菱倉庫,5,5,5103.422550789233,1020.6845101578467,79584239.0,397921195.0
2024-11-29,48250,ウェザーニューズ,2,2,1644.8834853090173,822.4417426545086,11844000.0,23688000.0
2024-11-29,58850,ジーデップ・アドバンス,4,4,1803.0461400627146,450.76153501567865,1339400.0,5357600.0
2024-11-29,60880,シグマクシス・ホールディングス,2,2,304.53932584269666,152.26966292134833,44500000.0,89000000.0
2024-11-29,64580,新晃工業,3,3,2338.4677709457683,779.4892569819227,27212263.0,81636789.0
2024-11-29,72420,カヤバ,2,2,8905.01119288639,4452.505596443195,25234331.0,50468662.0
2024-11-29,94180,Ｕ−ＮＥＸＴ　ＨＯＬＤＩＮＧＳ,3,3,1530.6915608022744,510.2305202674248,60125111.0,180375333.0
2024-12-30,151A0,ダイブ,3,3,771.9032960702777,257.3010986900926,2777550.0,8332650.0
2024-12-30,17230,日本電技,2,2,4312.534309240622,2156.267154620311,8197500.0,16395000.0
2024-12-30,19520,新日本空調,2,2,2738.7111354087197,1369.3555677043598,24282225.0,48564450.0
2024-12-30,29320,ＳＴＩフードホールディングス,3,3,1394.7994532845114,464.9331510948371,5926300.0,17778900.0
2024-12-30,29380,オカムラ食品工業,2,2,1887.1856534337064,943.5928267168532,8090354.0,16180708.0
2024-12-30,40110,ヘッドウォータース,2,2,593.6671987020444,296.8335993510222,1898370.0,3796740.0
2024-12-30,55420,新報国マテリアル,2,2,1550.1424501424501,775.0712250712251,3510000.0,7020000.0
2024-12-30,62980,ワイエイシイホールディングス,2,2,1714.3243015870462,857.1621507935231,9758947.0,19517894.0
2024-12-30,64130,理想科学工業,2,2,1778.1666666666667,889.0833333333334,36000000.0,72000000.0
2024-12-30,64200,フクシマガリレイ,2,2,4378.197203319472,2189.098601659736,22066160.0,44132320.0
2024-12-30,70810,コーユーレンティア,2,2,1899.326788727794,949.663394363897,5510900.0,11021800.0
2024-12-30,73610,ヒューマンクリエイションホールディングス,2,2,701.7725986867717,350.8862993433859,1926550.0,3853100.0
2024-12-30,74220,東邦レマック,10,10,8783.955318608783,878.3955318608784,512070.0,5120700.0
2024-12-30,76850,ＢｕｙＳｅｌｌ　Ｔｅｃｈｎｏｌｏｇｉｅｓ,2,2,696.8226365426214,348.4113182713107,14617780.0,29235560.0
2024-12-30,81130,ユニ・チャーム,3,3,1321.1962916631223,440.3987638877075,620834319.0,1862502957.0
2024-12-30,90090,京成電鉄,3,3,2818.802040018459,939.6006800061531,172411185.0,517233555.0
2024-12-30,91470,ＮＩＰＰＯＮ　ＥＸＰＲＥＳＳホールディングス,3,3,9321.67816091954,3107.2260536398467,87000000.0,261000000.0
2024-12-30,93400,アソインターナショナル,2,2,546.4447310771246,273.2223655385623,4884300.0,9768600.0
2024-12-30,94670,アルファポリス,3,3,1305.8199310444495,435.27331034814983,9687400.0,29062200.0
2024-12-30,95390,京葉瓦斯,3,3,8826.428898033837,2942.142966011279,10935000.0,32805000.0
2024-12-30,96210,建設技術研究所,2,2,4164.463723152751,2082.2318615763756,14159086.0,28318172.0
2025-01-31,14500,田中建設工業,2,2,1683.0658880868086,841.5329440434043,4349800.0,8699600.0
2025-01-31,22170,モロゾフ,3,3,2597.6052317205504,865.8684105735168,7088452.0,21265356.0
2025-01-31,23230,ｆｏｎｆｕｎ,2,2,232.45853784988532,116.22926892494266,3549020.0,7098040.0
2025-01-31,36970,ＳＨＩＦＴ,15,15,1996.593130028422,133.10620866856146,17833378.0,267500670.0
2025-02-28,17930,大本組,2,2,4444.1370280454685,2222.0685140227342,15397140.0,30794280.0
2025-02-28,208A0,構造計画研究所ホールディングス,2,2,1567.8181818181818,783.9090909090909,5500000.0,11000000.0
2025-02-28,27360,フェスタリアホールディングス,3,3,1161.7330907888208,387.2443635962736,1209400.0,3628200.0
2025-02-28,277A0,グロービング,5,5,867.4463937621832,173.48927875243666,5745600.0,28728000.0
2025-02-28,35010,住江織物,2,2,4755.432129653084,2377.716064826542,7682162.0,15364324.0
2025-02-28,55350,ミガロホールディングス,2,2,379.2381237334929,189.61906186674645,29411600.0,58823200.0
2025-02-28,59670,ＴＯＮＥ,2,2,922.5646717322633,461.28233586613163,11713000.0,23426000.0
2025-02-28,60860,シンメンテホールディングス,2,2,315.33277947013755,157.66638973506878,10833000.0,21666000.0
2025-02-28,81940,ライフコーポレーション,2,2,2694.8603460409136,1347.4301730204568,49450800.0,98901600.0
2025-02-28,92350,売れるネット広告社,2,2,192.7139095459938,96.3569547729969,3455900.0,6911800.0
2025-03-31,17360,オーテック,3,3,3804.035087719298,1268.0116959064328,5700000.0,17100000.0
2025-03-31,18220,大豊建設,5,5,3859.225291504589,771.8450583009178,18083163.0,90415815.0
2025-03-31,19790,大氣社,2,2,4521.11128908339,2260.555644541695,33582009.0,67164018.0
2025-03-31,28020,味の素,2,2,1731.531483345455,865.7657416727275,508314754.0,1016629508.0
2025-03-31,28050,ヱスビー食品,2,2,5813.804108782744,2906.902054391372,13622234.0,27244468.0
2025-03-31,28710,ニチレイ,2,2,2141.1768224354005,1070.5884112177002,128464869.0,256929738.0
2025-03-31,30020,グンゼ,2,2,6961.626542572372,3480.813271286186,17293516.0,34587032.0
2025-03-31,30920,ＺＯＺＯ,3,3,295.79912558277346,98.59970852759115,300474181.0,901422543.0
2025-03-31,32310,野村不動産ホールディングス,5,5,3901.7906855731126,780.3581371146225,183430137.0,917150685.0
2025-03-31,33500,メタプラネット,10,10,467.76342139123346,46.776342139123344,36268334.0,362683340.0
2025-03-31,34860,グローバル・リンク・マネジメント,2,2,1451.0352725103448,725.5176362551724,8006008.0,16012016.0
2025-03-31,38370,アドソル日進,2,2,836.618337588272,418.309168794136,9394965.0,18789930.0
2025-03-31,39640,オークネット,2,2,1056.6485753052916,528.3242876526458,24763200.0,49526400.0
2025-03-31,41120,保土谷化学工業,2,2,7114.089524664815,3557.0447623324076,8413726.0,16827452.0
2025-03-31,43770,ワンキャリア,3,3,680.3968645212742,226.79895484042473,5943590.0,17830770.0
2025-03-31,46810,リゾートトラスト,2,2,1345.6130193070178,672.8065096535089,108520799.0,217041598.0
2025-03-31,48320,ＪＦＥシステムズ,2,2,2044.1869349293263,1022.0934674646631,15706000.0,31412000.0
2025-03-31,49720,綜研化学,2,2,4389.036144578313,2194.5180722891564,8300000.0,16600000.0
2025-03-31,51610,西川ゴム工業,2,2,4453.02709069847,2226.513545349235,19995387.0,39990774.0
2025-03-31,52470,ＢＴＭ,2,2,470.4633887513265,235.23169437566324,1413500.0,2827000.0
2025-03-31,54640,モリ工業,5,5,7167.174410729323,1433.4348821458645,7766380.0,38831900.0
2025-03-31,55320,リアルゲイト,2,2,1007.7931278781438,503.8965639390719,2823000.0,5646000.0
2025-03-31,58580,ＳＴＧ,2,2,2147.138437741686,1073.569218870843,1034400.0,2068800.0
2025-03-31,60400,日本スキー場開発,3,3,483.59984752763563,161.19994917587854,16002900.0,48008700.0
2025-03-31,61370,小池酸素工業,5,5,9903.971604266524,1980.7943208533047,4522933.0,22614665.0
2025-03-31,62580,平田機工,3,3,6158.371675952879,2052.7905586509596,10756090.0,32268270.0
2025-03-31,63310,三菱化工機,3,3,4610.087250993499,1536.6957503311662,7913950.0,23741850.0
2025-03-31,67010,日本電気,5,5,7913.399612005669,1582.6799224011338,272849863.0,1364249315.0
2025-03-31,67970,名古屋電機工業,2,2,3275.9265026471503,1637.9632513235752,6422000.0,12844000.0
2025-03-31,68360,ぷらっとホーム,3,3,242.63322884012538,80.87774294670847,1595000.0,4785000.0
2025-03-31,70420,アクセスグループ・ホールディングス,2,2,660.1686713673441,330.08433568367207,1446600.0,2893200.0
2025-03-31,71640,全国保証,2,2,3261.68377502603,1630.841887513015,68871790.0,137743580.0
2025-03-31,73690,メイホーホールディングス,3,3,1280.020439448135,426.67347981604496,1565600.0,4696800.0
2025-03-31,79140,共同印刷,4,4,7737.634408602151,1934.4086021505377,8370000.0,33480000.0
2025-03-31,80220,美津濃,3,3,5715.727710067215,1905.242570022405,26578243.0,79734729.0
2025-03-31,80430,スターゼン,3,3,4249.1883233298595,1416.3961077766198,19522552.0,58567656.0
2025-03-31,80750,神鋼商事,3,3,10255.670012805056,3418.556670935019,8860562.0,26581686.0
2025-03-31,81170,中央自動車工業,3,3,2678.671328671329,892.8904428904428,20020000.0,60060000.0
2025-03-31,84240,芙蓉総合リース,3,3,16124.440822892115,5374.813607630705,30287810.0,90863430.0
2025-03-31,87500,第一生命ホールディングス,4,4,4080.503111383727,1020.1257778459318,952743300.0,3810973200.0
2025-03-31,91660,ＧＥＮＤＡ,2,2,455.78275164309747,227.89137582154873,78304850.0,156609700.0
2025-03-31,92490,日本エコシステム,3,3,1977.0654877037855,659.0218292345952,2895200.0,8685600.0
2025-03-31,93680,キムラユニティー,2,2,1706.9886764243665,853.4943382121833,23543800.0,47087600.0
2025-03-31,94330,ＫＤＤＩ,2,2,2591.361766289012,1295.680883144506,2191846416.0,4383692832.0
2025-03-31,95640,ＦＣＥ,2,2,308.39985005165903,154.19992502582951,10937100.0,21874200.0
2025-03-31,96440,タナベコンサルティンググループ,2,2,638.8362157592927,319.41810787964636,17508400.0,35016800.0
2025-03-31,96790,ホウライ,3,3,6649.572649572649,2216.5242165242166,1404000.0,4212000.0
2025-03-31,98820,イエローハット,2,2,2406.7994432882897,1203.3997216441448,49923146.0,99846292.0
2025-03-31,98890,ＪＢＣＣホールディングス,4,4,1304.3960408339426,326.09901020848565,17773743.0,71094972.0
2025-04-30,60850,アーキテクツ・スタジオ・ジャパン,3,3,25.953292724194025,8.651097574731342,3005399.0,9016197.0
2025-04-30,63090,巴工業,3,3,3802.832947252497,1267.610982417499,10533200.0,31599600.0
2025-04-30,93020,三井倉庫ホールディングス,3,3,5224.019370165433,1741.3397900551445,24984402.0,74953206.0
2025-05-30,26760,高千穂交易,2,2,1654.967655675495,827.4838278377475,10171800.0,20343600.0
2025-05-30,44130,ボードルア,2,2,285.0754074657451,142.53770373287256,16034354.0,32068708.0
2025-05-30,44170,グローバルセキュリティエキスパート,2,2,402.6371556392748,201.3185778196374,7644600.0,15289200.0
2025-05-30,45770,ダイト,2,2,3362.9476350691016,1681.4738175345508,15348440.0,30696880.0
2025-05-30,55350,ミガロホールディングス,2,4,191.55610233544493,95.77805116772247,58849600.0,117699200.0
2025-05-30,72730,イクヨ,10,10,4052.9695024077046,405.29695024077046,1744400.0,17444000.0
2025-05-30,93050,ヤマタネ,2,2,5146.603355500058,2573.301677750029,11344181.0,22688362.0
2025-06-30,19110,住友林業,3,3,4711.605918678328,1570.5353062261092,206068168.0,618204504.0
2025-06-30,22160,カンロ,3,3,1109.260855791257,369.7536185970857,15315604.0,45946812.0
2025-06-30,27000,木徳神糧,5,5,9529.308323563891,1905.8616647127785,1706000.0,8530000.0
2025-06-30,29380,オカムラ食品工業,3,3,962.2554180838947,320.7518060279649,16351168.0,49053504.0
2025-06-30,29810,ランディックス,2,2,2943.777552717253,1471.8887763586265,2834793.0,5669586.0
2025-06-30,36710,ソフトマックス,4,4,585.5620695793754,146.39051739484384,5999364.0,23997456.0
2025-06-30,39500,ザ・パック,3,3,3713.8693467336684,1237.9564489112229,19900000.0,59700000.0
2025-06-30,42580,網屋,2,2,497.08008898776416,248.54004449388208,4315200.0,8630400.0
2025-06-30,43890,プロパティデータバンク,2,2,648.7989886219975,324.39949431099876,5932500.0,11865000.0
2025-06-30,44860,ユナイトアンドグロウ,2,2,512.5817815802718,256.2908907901359,3974000.0,7948000.0
2025-06-30,51370,スマートドライブ,6,6,124.22913515207333,20.704855858678886,6286770.0,37720620.0
2025-06-30,54510,淀川製鋼所,5,5,6756.869237681796,1351.373847536359,31837230.0,159186150.0
2025-06-30,54820,愛知製鋼,4,4,12737.224247164466,3184.3060617911165,19109187.0,76436748.0
2025-06-30,68740,協立電機,2,2,4610.455003204248,2305.227501602124,4369200.0,8738400.0
2025-06-30,70820,ジモティー,2,2,286.43564735760106,143.21782367880053,4985413.0,9970826.0
2025-06-30,73200,日本リビング保証,2,2,941.5487910816926,470.7743955408463,5998627.0,11997254.0
2025-06-30,77400,タムロン,4,4,1631.7608695652175,407.9402173913044,46000000.0,184000000.0
2025-06-30,77440,ノーリツ鋼機,3,3,5891.430303199105,1963.8101010663684,36190872.0,108572616.0
2025-06-30,79840,コクヨ,4,4,2302.249261794265,575.5623154485662,115742463.0,462969852.0
2025-06-30,88030,平和不動産,2,2,3036.5160099347413,1518.2580049673707,38859996.0,77719992.0
2025-07-31,146A0,コロンビア・ワークス,2,2,3518.753240767414,1759.376620383707,3471400.0,6942800.0
2025-07-31,55270,ｐｒｏｐｅｒｔｙ　ｔｅｃｈｎｏｌｏｇｉｅｓ,3,3,1886.7420384565112,628.914012818837,4154251.0,12462753.0
2025-07-31,65740,コンヴァノ,10,10,402.0798346466865,40.20798346466865,4334960.0,43349600.0
2025-07-31,70640,ハウテレビジョン,2,2,976.2506835589843,488.12534177949215,1362355.0,2724710.0
2025-08-29,33870,クリエイト・レストランツ・ホールディングス,2,2,211.28281032113426,105.64140516056713,212814284.0,425628568.0
2025-08-29,33910,ツルハホールディングス,5,5,6270.1051143562645,1254.0210228712529,49580668.0,247903340.0
2025-08-29,33990,丸千代山岡家,2,2,727.1985998965832,363.5992999482916,10056400.0,20112800.0
2025-08-29,340A0,ジグザグ,3,3,462.7321968564118,154.24406561880394,2407440.0,7222320.0
2025-08-29,34980,霞ヶ関キャピタル,2,2,3189.5133632384986,1594.7566816192493,9884580.0,19769160.0
2025-08-29,44390,東名,2,2,599.8625759668048,299.9312879834024,14990100.0,29980200.0
2025-08-29,52900,ベルテクスコーポレーション,2,2,1219.7543786076833,609.8771893038416,28853350.0,57706700.0
2025-08-29,65740,コンヴァノ,10,100,38.91616070275158,3.891616070275158,43349600.0,433496000.0
2025-08-29,71380,ＴＯＲＩＣＯ,5,5,460.31844371476365,92.06368874295273,1614100.0,8070500.0
2025-08-29,74530,良品計画,2,2,1144.9960823420472,572.4980411710236,280780000.0,561560000.0
2025-08-29,78180,トランザクション,2,2,676.0418581534209,338.02092907671044,29375400.0,58750800.0
2025-08-29,82670,イオン,3,3,2284.9545293007295,761.6515097669098,871924572.0,2615773716.0
2025-08-29,95560,ＩＮＴＬＯＯＰ,2,2,1290.1006094694283,645.0503047347141,4679480.0,9358960.0
2025-09-30,15150,日鉄鉱業,5,5,9078.855824352495,1815.7711648704988,16704638.0,83523190.0
2025-09-30,15180,三井松島ホールディングス,5,5,5146.198830409357,1029.2397660818713,13064400.0,65322000.0
2025-09-30,18610,熊谷組,4,4,4070.06401210935,1017.5160030273375,43285560.0,173142240.0
2025-09-30,18660,北野建設,4,4,7401.623487242011,1850.4058718105027,6336853.0,25347412.0
2025-09-30,18780,大東建託,5,5,6661.111447980098,1332.2222895960197,68918979.0,344594895.0
2025-09-30,19680,太平電業,3,3,5260.312221896026,1753.4374072986755,21731980.0,65195940.0
2025-09-30,19690,高砂熱学工業,2,2,2578.69507488119,1289.347537440595,70239402.0,140478804.0
2025-09-30,19720,三晃金属工業,5,5,6530.30303030303,1306.060606060606,3960000.0,19800000.0
2025-09-30,247A0,Ａｉロボティクス,5,5,283.438945024833,56.687789004966604,11678000.0,58390000.0
2025-09-30,24980,オリエンタルコンサルタンツホールディングス,2,2,4482.431087525246,2241.215543762623,6169420.0,12338840.0
2025-09-30,27260,パルグループホールディングス,2,2,793.5252420470263,396.76262102351313,92544000.0,185088000.0
2025-09-30,29700,グッドライフカンパニー,4,4,1158.3298499837445,289.5824624959361,4306200.0,17224800.0
2025-09-30,29980,クリアル,5,5,879.7338453389831,175.94676906779662,6041600.0,30208000.0
2025-09-30,31370,ファンデリー,2,2,32.61155159889337,16.305775799446685,6470100.0,12940200.0
2025-09-30,31430,オーウイル,3,3,1761.904761904762,587.3015873015873,3150000.0,9450000.0
2025-09-30,33170,フライングガーデン,2,2,2273.7184370618174,1136.8592185309087,1449168.0,2898336.0
2025-09-30,34890,フェイスネットワーク,3,3,871.3855421686746,290.4618473895582,9960000.0,29880000.0
2025-09-30,34960,アズーム,2,2,1012.2588490485424,506.1294245242712,6085400.0,12170800.0
2025-09-30,37080,特種東海製紙,3,3,6596.692307692308,2198.897435897436,13000000.0,39000000.0
2025-09-30,37410,セック,2,2,1760.546875,880.2734375,5120000.0,10240000.0
2025-09-30,37630,プロシップ,2,2,542.1582954175627,271.07914770878136,15670700.0,31341400.0
2025-09-30,37980,ＵＬＳグループ,10,10,1729.8677112766504,172.98677112766504,6228800.0,62288000.0
2025-09-30,39230,ラクス,2,2,120.02220333127603,60.011101665638016,180333300.0,360666600.0
2025-09-30,39790,うるる,4,4,454.99176942848067,113.74794235712017,6925400.0,27701600.0
2025-09-30,39970,トレードワークス,10,10,429.8016300169153,42.98016300169153,3901800.0,39018000.0
2025-09-30,43660,ダイトーケミックス,3,3,1350.267857142857,450.0892857142857,11200000.0,33600000.0
2025-09-30,44980,サイバートラスト,2,2,796.2117698747834,398.1058849373917,8193800.0,16387600.0
2025-09-30,46850,菱友システムズ,2,2,3231.4599759973744,1615.7299879986872,6385968.0,12771936.0
2025-09-30,49140,高砂香料工業,5,5,7063.675849577596,1412.7351699155192,20152397.0,100761985.0
2025-09-30,50210,コスモエネルギーホールディングス,2,2,7771.893264396521,3885.9466321982604,88353761.0,176707522.0
2025-09-30,52520,日本ナレッジ,3,3,781.25,260.4166666666667,1376000.0,4128000.0
2025-09-30,54010,日本製鉄,5,5,5114.238563217602,1022.8477126435204,1074726752.0,5373633760.0
2025-09-30,54630,丸一鋼管,3,3,4160.75,1386.9166666666667,84000000.0,252000000.0
2025-09-30,56020,栗本鐵工所,5,5,6845.729457146897,1369.1458914293796,12798490.0,63992450.0
2025-09-30,57410,ＵＡＣＪ,4,4,6734.948630523966,1683.7371576309915,46328193.0,185312772.0
2025-09-30,63510,鶴見製作所,2,2,3771.068636549901,1885.5343182749505,25413486.0,50826972.0
2025-09-30,64630,ＴＰＲ,2,2,5593.249162342068,2796.624581171034,34300099.0,68600198.0
2025-09-30,65160,山洋電気,3,3,8684.040709558072,2894.6802365193575,12972187.0,38916561.0
2025-09-30,65440,ジャパンエレベーターサービスホールディングス,2,2,215.14092729983653,107.57046364991827,89067200.0,178134400.0
2025-09-30,68500,チノー,2,2,2651.046703950577,1325.5233519752885,9260116.0,18520232.0
2025-09-30,70130,ＩＨＩ,7,7,3331.2720018005693,475.8960002572242,154679954.0,1082759678.0
2025-09-30,70590,コプロ・ホールディングス,2,2,403.7,201.85,20000000.0,40000000.0
2025-09-30,71200,ＳＨＩＮＫＯ,3,3,827.6990185387132,275.8996728462377,1834000.0,5502000.0
2025-09-30,72170,テイン,2,2,1205.0,602.5,5000000.0,10000000.0
2025-09-30,73270,第四北越フィナンシャルグループ,3,3,5353.79966009169,1784.59988669723,91885956.0,275657868.0
2025-09-30,73810,北國フィナンシャルホールディングス,10,10,10645.093616008184,1064.5093616008185,22908582.0,229085820.0
2025-09-30,75050,扶桑電通,2,2,2028.5936750285161,1014.2968375142581,6960980.0,13921960.0
2025-09-30,75320,パン・パシフィック・インターナショナルホールディングス,5,5,982.1999204411202,196.43998408822404,635353340.0,3176766700.0
2025-09-30,75620,安楽亭,2,2,3218.3484365117065,1609.1742182558532,2311434.0,4622868.0
2025-09-30,75950,アルゴグラフィックス,4,4,2743.848975574841,685.9622438937103,22354000.0,89416000.0
2025-09-30,78030,ブシロード,2,2,352.5158790779128,176.2579395389564,71548550.0,143097100.0
2025-09-30,79170,藤森工業,4,4,5174.0835468160285,1293.5208867040071,19267760.0,77071040.0
2025-09-30,80060,ユアサ・フナショク,4,4,8085.798237262499,2021.4495593156248,4897723.0,19590892.0
2025-09-30,80070,高島,2,2,1349.5264876497702,674.7632438248851,17188992.0,34377984.0
2025-09-30,80610,西華産業,3,3,3833.7263050244915,1277.908768341497,12320650.0,36961950.0
2025-09-30,81110,ゴールドウイン,3,3,2347.550923563504,782.5169745211681,47448172.0,142344516.0
2025-09-30,85220,名古屋銀行,3,3,17133.37320250686,5711.12440083562,16455487.0,49366461.0
2025-09-30,90830,神姫バス,2,2,8113.739468567725,4056.8697342838627,6172000.0,12344000.0
2025-09-30,91450,ビーイングホールディングス,4,4,1326.804979253112,331.701244813278,6025000.0,24100000.0
2025-09-30,93040,澁澤倉庫,4,4,4290.911131588664,1072.727782897166,15217747.0,60870988.0
2025-09-30,93430,アイビス,5,5,649.9921858862899,129.99843717725798,3660044.0,18300220.0
2025-09-30,93450,ビズメイツ,2,2,1091.7138121193163,545.8569060596582,1624052.0,3248104.0
2025-09-30,94360,沖縄セルラー電話,2,2,2099.2196927877744,1049.6098463938872,47089402.0,94178804.0
2025-09-30,96820,ＤＴＳ,4,4,1373.438624752133,343.3596561880332,41498032.0,165992128.0
2025-09-30,96840,スクウェア・エニックス・ホールディングス,3,3,2686.9559423677138,895.651980789238,122531596.0,367594788.0
2025-09-30,98230,マミーマート,5,5,3834.6571986700123,766.9314397340025,10796793.0,53983965.0
2025-09-30,98430,ニトリホールディングス,5,5,8037.529716848217,1607.5059433696433,114443496.0,572217480.0
2025-10-31,21640,地域新聞社,2,2,174.50962261559192,87.25481130779596,3741914.0,7483828.0
2025-10-31,29910,ランドネット,2,2,926.1889642725845,463.09448213629224,11968400.0,23936800.0
2025-10-31,350A0,デジタルグリッド,6,6,1281.8050888142102,213.63418146903504,6457300.0,38743800.0
2025-10-31,35390,ＪＭホールディングス,2,2,1779.7445004807787,889.8722502403893,25479500.0,50959000.0
2025-10-31,74190,ノジマ,3,3,2242.0035275756404,747.3345091918801,102579232.0,307737696.0
2025-10-31,76950,交換できるくん,3,3,676.3406940063091,225.44689800210304,2377500.0,7132500.0
2025-10-31,89140,エリアリンク,2,2,1098.4939223701597,549.2469611850798,25881800.0,51763600.0
2025-10-31,92370,笑美面,2,2,363.1901598628058,181.5950799314029,2029240.0,4058480.0
2025-11-28,23340,イオレ,10,10,24.337555498155343,2.433755549815534,32829920.0,328299200.0
2025-11-28,43180,クイック,3,3,1037.3102800133004,345.77009333776675,18850676.0,56552028.0
2025-11-28,43730,シンプレクス・ホールディングス,4,4,854.5532028571611,213.63830071429027,58957125.0,235828500.0
2025-11-28,46260,太陽ホールディングス,2,2,1831.7930794979675,915.8965397489837,58419808.0,116839616.0
2025-11-28,55780,ＡＲアドバンストテクノロジ,3,3,627.2702033639498,209.09006778798326,3457840.0,10373520.0
2025-11-28,73180,セレンディップ・ホールディングス,4,4,2986.895314262063,746.7238285655158,4764479.0,19057916.0
2025-11-28,84730,ＳＢＩホールディングス,2,2,5491.258508982324,2745.629254491162,330319907.0,660639814.0
2025-11-28,89230,トーセイ,2,2,2099.75392224929,1049.876961124645,48683800.0,97367600.0
2025-11-28,99340,因幡電機産業,2,2,3249.8442718432934,1624.9221359216467,56829800.0,113659600.0
2025-12-30,13330,マルハニチロ,3,3,5421.002463935658,1807.0008213118858,50578837.0,151736511.0
2025-12-30,14140,ショーボンドホールディングス,4,4,1909.7023701447324,477.4255925361831,54745180.0,218980720.0
2025-12-30,19800,ダイダン,3,3,2575.635496819867,858.5451656066224,45963802.0,137891406.0
2025-12-30,21140,フジ日本精糖,2,2,999.933900236015,499.9669501180075,25718700.0,51437400.0
2025-12-30,21460,ＵＴグループ,15,15,811.0617313747408,54.07078209164939,39908183.0,598622745.0
2025-12-30,25010,サッポロホールディングス,5,5,2644.315709240788,528.8631418481576,78794298.0,393971490.0
2025-12-30,36610,エムアップホールディングス,2,2,266.6017250803011,133.30086254015055,36496388.0,72992776.0
2025-12-30,39160,デジタル・インフォメーション・テクノロジー,2,2,522.8418340556141,261.42091702780704,15501820.0,31003640.0
2025-12-30,39860,ビーブレイクシステムズ,3,3,1102.8263585259213,367.6087861753071,1536960.0,4610880.0
2025-12-30,40620,イビデン,2,2,3777.870905337965,1888.9354526689824,140860557.0,281721114.0
2025-12-30,41070,伊勢化学工業,10,10,7526.579145436293,752.6579145436293,5135135.0,51351350.0
2025-12-30,41830,三井化学,2,2,4862.454937932742,2431.227468966371,200843815.0,401687630.0
2025-12-30,43960,システムサポート,2,2,587.3076923076923,293.65384615384613,10400000.0,20800000.0
2025-12-30,46350,東京インキ,5,5,11184.04495189962,2236.8089903799237,2725758.0,13628790.0
2025-12-30,48110,ドリーム・アーツ,3,3,682.4347654515858,227.4782551505286,4054600.0,12163800.0
2025-12-30,48120,電通総研,3,3,1460.5765230166144,486.85884100553807,65182480.0,195547440.0
2025-12-30,48280,ビジネスエンジニアリング,5,5,1249.75,249.95,12000000.0,60000000.0
2025-12-30,49350,リベルタ,5,5,224.20413315445467,44.84082663089094,6052520.0,30262600.0
2025-12-30,49760,東洋ドライルーブ,3,3,7622.140221402214,2540.7134071340715,1355000.0,4065000.0
2025-12-30,51080,ブリヂストン,2,2,4957.825164594322,2478.912582297161,713698221.0,1427396442.0
2025-12-30,52620,日本ヒューム,2,2,1559.2128801431127,779.6064400715563,29347500.0,58695000.0
2025-12-30,60390,日本動物高度医療センター,5,5,1549.9270377319158,309.98540754638316,2878200.0,14391000.0
2025-12-30,60610,ユニバーサル園芸社,2,2,2726.5671641791046,1363.2835820895523,5025000.0,10050000.0
2025-12-30,63280,荏原実業,2,2,2027.7648878576954,1013.8824439288477,12930000.0,25860000.0
2025-12-30,63690,トーヨーカネツ,2,2,4909.215594920351,2454.6077974601753,8023074.0,16046148.0
2025-12-30,65920,マブチモーター,2,2,2407.045332326455,1203.5226661632275,130324924.0,260649848.0
2025-12-30,66480,かわでん,5,5,4505.009541984733,901.0019083969465,4192000.0,20960000.0
2025-12-30,67720,東京コスモス電機,5,5,5475.50052301102,1095.100104602204,1365172.0,6825860.0
2025-12-30,70890,フォースタートアップス,2,2,857.1168878385748,428.5584439192874,3300600.0,6601200.0
2025-12-30,74090,ＡｅｒｏＥｄｇｅ,3,3,1031.3888023473617,343.7962674491206,3938379.0,11815137.0
2025-12-30,75520,ハピネット,2,2,2528.232848232848,1264.116424116424,24050000.0,48100000.0
2025-12-30,76090,ダイトロン,2,2,3125.5439843082363,1562.7719921541182,10633349.0,21266698.0
2025-12-30,76280,オーハシテクニカ,2,2,2935.11617046826,1467.55808523413,13190960.0,26381920.0
2025-12-30,80010,伊藤忠商事,5,5,4181.824021972954,836.3648043945908,1584889504.0,7924447520.0
2025-12-30,80200,兼松,2,2,2418.4439227731077,1209.2219613865539,84500202.0,169000404.0
2025-12-30,81790,ロイヤルホールディングス,2,2,1059.5272194207269,529.7636097103634,49861862.0,99723724.0
2025-12-30,88300,住友不動産,2,2,4938.290598290599,2469.1452991452993,468000000.0,936000000.0
2025-12-30,97220,藤田観光,5,5,2486.3558437881734,497.2711687576347,12207424.0,61037120.0
2025-12-30,97570,船井総研ホールディングス,2,2,462.3,231.15,50000000.0,100000000.0
2025-12-30,99840,ソフトバンクグループ,4,4,11469.452183188378,2867.3630457970944,1469995230.0,5879980920.0
